USE clm_wings_stadium;

-- INSERT VALUES in category table --
INSERT INTO category (category_id, category_name)
VALUES ('1','Standing Place'),('2','Seating Place'),('3','Golden Circle');

-- INSERT VALUES in partner table --

INSERT INTO partners
VALUES ('1','ticketcorner','https://www.ticketcorner.ch/','4.90'),
('2','ticketmaster','https://www.ticketmaster.ch/','3.40'),
('3','fnac','https://www.fnactickets.ch/','2.00'),
('4','starticket','https://www.starticket.ch/fr','5.20');

-- INSERT VALUES in sector table --

INSERT INTO sectors (sector_name, seat_nr,category_id)
VALUES ('A1','1','1'),
('A1','2','1'),
('A1','3','1'),
('A1','4','1'),
('A1','5','1'),
('A1','6','1'),
('A1','7','1'),
('A1','8','1'),
('A1','9','1'),
('A1','10','1'),
('A1','11','1'),
('A1','12','1'),
('A1','13','1'),
('A1','14','1'),
('A1','15','1'),
('A1','16','1'),
('A1','17','1'),
('A1','18','1'),
('A1','19','1'),
('A1','20','1'),
('A1','21','1'),
('A1','22','1'),
('A1','23','1'),
('A1','24','1'),
('A1','25','1'),
('A1','26','1'),
('A1','27','1'),
('A1','28','1'),
('A1','29','1'),
('A1','30','1'),
('A1','31','1'),
('A1','32','1'),
('A1','33','1'),
('A1','1','1'),
('A1','2','1'),
('A1','3','1'),
('A1','4','1'),
('A1','5','1'),
('A1','6','1'),
('A1','7','1'),
('A1','8','1'),
('A1','9','1'),
('A1','10','1'),
('A1','11','1'),
('A1','12','1'),
('A1','13','1'),
('A1','14','1'),
('A1','15','1'),
('A1','16','1'),
('A1','17','1'),
('A1','18','1'),
('A1','19','1'),
('A1','20','1'),
('A1','21','1'),
('A1','22','1'),
('A1','23','1'),
('A1','24','1'),
('A1','25','1'),
('A1','26','1'),
('A1','27','1'),
('A1','28','1'),
('A1','29','1'),
('A1','30','1'),
('A1','31','1'),
('A1','32','1'),
('A1','33','1'),
('A1','1','1'),
('A1','2','1'),
('A1','3','1'),
('A1','4','1'),
('A1','5','1'),
('A1','6','1'),
('A1','7','1'),
('A1','8','1'),
('A1','9','1'),
('A1','10','1'),
('A1','11','1'),
('A1','12','1'),
('A1','13','1'),
('A1','14','1'),
('A1','15','1'),
('A1','16','1'),
('A1','17','1'),
('A1','18','1'),
('A1','19','1'),
('A1','20','1'),
('A1','21','1'),
('A1','22','1'),
('A1','23','1'),
('A1','24','1'),
('A1','25','1'),
('A1','26','1'),
('A1','27','1'),
('A1','28','1'),
('A1','29','1'),
('A1','30','1'),
('A1','31','1'),
('A1','32','1'),
('A1','33','1'),
('A1','1','1'),
('A1','2','1'),
('A1','3','1'),
('A1','4','1'),
('A1','5','1'),
('A1','6','1'),
('A1','7','1'),
('A1','8','1'),
('A1','9','1'),
('A1','10','1'),
('A1','11','1'),
('A1','12','1'),
('A1','13','1'),
('A1','14','1'),
('A1','15','1'),
('A1','16','1'),
('A1','17','1'),
('A1','18','1'),
('A1','19','1'),
('A1','20','1'),
('A1','21','1'),
('A1','22','1'),
('A1','23','1'),
('A1','24','1'),
('A1','25','1'),
('A1','26','1'),
('A1','27','1'),
('A1','28','1'),
('A1','29','1'),
('A1','30','1'),
('A1','31','1'),
('A1','32','1'),
('A1','33','1'),
('A1','1','1'),
('A1','2','1'),
('A1','3','1'),
('A1','4','1'),
('A1','5','1'),
('A1','6','1'),
('A1','7','1'),
('A1','8','1'),
('A1','9','1'),
('A1','10','1'),
('A1','11','1'),
('A1','12','1'),
('A1','13','1'),
('A1','14','1'),
('A1','15','1'),
('A1','16','1'),
('A1','17','1'),
('A1','18','1'),
('A1','19','1'),
('A1','20','1'),
('A1','21','1'),
('A1','22','1'),
('A1','23','1'),
('A1','24','1'),
('A1','25','1'),
('A1','26','1'),
('A1','27','1'),
('A1','28','1'),
('A1','29','1'),
('A1','30','1'),
('A1','31','1'),
('A1','32','1'),
('A1','33','1'),
('A1','1','1'),
('A1','2','1'),
('A1','3','1'),
('A1','4','1'),
('A1','5','1'),
('A1','6','1'),
('A1','7','1'),
('A1','8','1'),
('A1','9','1'),
('A1','10','1'),
('A1','11','1'),
('A1','12','1'),
('A1','13','1'),
('A1','14','1'),
('A1','15','1'),
('A1','16','1'),
('A1','17','1'),
('A1','18','1'),
('A1','19','1'),
('A1','20','1'),
('A1','21','1'),
('A1','22','1'),
('A1','23','1'),
('A1','24','1'),
('A1','25','1'),
('A1','26','1'),
('A1','27','1'),
('A1','28','1'),
('A1','29','1'),
('A1','30','1'),
('A1','31','1'),
('A1','32','1'),
('A1','33','1'),
('A1','1','1'),
('A1','2','1'),
('A1','3','1'),
('A1','4','1'),
('A1','5','1'),
('A1','6','1'),
('A1','7','1'),
('A1','8','1'),
('A1','9','1'),
('A1','10','1'),
('A1','11','1'),
('A1','12','1'),
('A1','13','1'),
('A1','14','1'),
('A1','15','1'),
('A1','16','1'),
('A1','17','1'),
('A1','18','1'),
('A1','19','1'),
('A1','20','1'),
('A1','21','1'),
('A1','22','1'),
('A1','23','1'),
('A1','24','1'),
('A1','25','1'),
('A1','26','1'),
('A1','27','1'),
('A1','28','1'),
('A1','29','1'),
('A1','30','1'),
('A1','31','1'),
('A1','32','1'),
('A1','33','1'),
('A1','1','1'),
('A1','2','1'),
('A1','3','1'),
('A1','4','1'),
('A1','5','1'),
('A1','6','1'),
('A1','7','1'),
('A1','8','1'),
('A1','9','1'),
('A1','10','1'),
('A1','11','1'),
('A1','12','1'),
('A1','13','1'),
('A1','14','1'),
('A1','15','1'),
('A1','16','1'),
('A1','17','1'),
('A1','18','1'),
('A1','19','1'),
('A1','20','1'),
('A1','21','1'),
('A1','22','1'),
('A1','23','1'),
('A1','24','1'),
('A1','25','1'),
('A1','26','1'),
('A1','27','1'),
('A1','28','1'),
('A1','29','1'),
('A1','30','1'),
('A1','31','1'),
('A1','32','1'),
('A1','33','1'),
('A1','1','1'),
('A1','2','1'),
('A1','3','1'),
('A1','4','1'),
('A1','5','1'),
('A1','6','1'),
('A1','7','1'),
('A1','8','1'),
('A1','9','1'),
('A1','10','1'),
('A1','11','1'),
('A1','12','1'),
('A1','13','1'),
('A1','14','1'),
('A1','15','1'),
('A1','16','1'),
('A1','17','1'),
('A1','18','1'),
('A1','19','1'),
('A1','20','1'),
('A1','21','1'),
('A1','22','1'),
('A1','23','1'),
('A1','24','1'),
('A1','25','1'),
('A1','26','1'),
('A1','27','1'),
('A1','28','1'),
('A1','29','1'),
('A1','30','1'),
('A1','31','1'),
('A1','32','1'),
('A1','33','1'),
('A1','1','1'),
('A1','2','1'),
('A1','3','1'),
('A1','4','1'),
('A1','5','1'),
('A1','6','1'),
('A1','7','1'),
('A1','8','1'),
('A1','9','1'),
('A1','10','1'),
('A1','11','1'),
('A1','12','1'),
('A1','13','1'),
('A1','14','1'),
('A1','15','1'),
('A1','16','1'),
('A1','17','1'),
('A1','18','1'),
('A1','19','1'),
('A1','20','1'),
('A1','21','1'),
('A1','22','1'),
('A1','23','1'),
('A1','24','1'),
('A1','25','1'),
('A1','26','1'),
('A1','27','1'),
('A1','28','1'),
('A1','29','1'),
('A1','30','1'),
('A1','31','1'),
('A1','32','1'),
('A1','33','1'),
('A1','1','1'),
('A1','2','1'),
('A1','3','1'),
('A1','4','1'),
('A1','5','1'),
('A1','6','1'),
('A1','7','1'),
('A1','8','1'),
('A1','9','1'),
('A1','10','1'),
('A1','11','1'),
('A1','12','1'),
('A1','13','1'),
('A1','14','1'),
('A1','15','1'),
('A1','16','1'),
('A1','17','1'),
('A1','18','1'),
('A1','19','1'),
('A1','20','1'),
('A1','21','1'),
('A1','22','1'),
('A1','23','1'),
('A1','24','1'),
('A1','25','1'),
('A1','26','1'),
('A1','27','1'),
('A1','28','1'),
('A1','29','1'),
('A1','30','1'),
('A1','31','1'),
('A1','32','1'),
('A1','33','1'),
('A1','1','1'),
('A1','2','1'),
('A1','3','1'),
('A1','4','1'),
('A1','5','1'),
('A1','6','1'),
('A1','7','1'),
('A1','8','1'),
('A1','9','1'),
('A1','10','1'),
('A1','11','1'),
('A1','12','1'),
('A1','13','1'),
('A1','14','1'),
('A1','15','1'),
('A1','16','1'),
('A1','17','1'),
('A1','18','1'),
('A1','19','1'),
('A1','20','1'),
('A1','21','1'),
('A1','22','1'),
('A1','23','1'),
('A1','24','1'),
('A1','25','1'),
('A1','26','1'),
('A1','27','1'),
('A1','28','1'),
('A1','29','1'),
('A1','30','1'),
('A1','31','1'),
('A1','32','1'),
('A1','33','1'),
('A1','1','1'),
('A1','2','1'),
('A1','3','1'),
('A1','4','1'),
('A1','5','1'),
('A1','6','1'),
('A1','7','1'),
('A1','8','1'),
('A1','9','1'),
('A1','10','1'),
('A1','11','1'),
('A1','12','1'),
('A1','13','1'),
('A1','14','1'),
('A1','15','1'),
('A1','16','1'),
('A1','17','1'),
('A1','18','1'),
('A1','19','1'),
('A1','20','1'),
('A1','21','1'),
('A1','22','1'),
('A1','23','1'),
('A1','24','1'),
('A1','25','1'),
('A1','26','1'),
('A1','27','1'),
('A1','28','1'),
('A1','29','1'),
('A1','30','1'),
('A1','31','1'),
('A1','32','1'),
('A1','33','1'),
('A1','1','1'),
('A1','2','1'),
('A1','3','1'),
('A1','4','1'),
('A1','5','1'),
('A1','6','1'),
('A1','7','1'),
('A1','8','1'),
('A1','9','1'),
('A1','10','1'),
('A1','11','1'),
('A1','12','1'),
('A1','13','1'),
('A1','14','1'),
('A1','15','1'),
('A1','16','1'),
('A1','17','1'),
('A1','18','1'),
('A1','19','1'),
('A1','20','1'),
('A1','21','1'),
('A1','22','1'),
('A1','23','1'),
('A1','24','1'),
('A1','25','1'),
('A1','26','1'),
('A1','27','1'),
('A1','28','1'),
('A1','29','1'),
('A1','30','1'),
('A1','31','1'),
('A1','32','1'),
('A1','33','1'),
('A1','1','1'),
('A1','2','1'),
('A1','3','1'),
('A1','4','1'),
('A1','5','1'),
('A1','6','1'),
('A1','7','1'),
('A1','8','1'),
('A1','9','1'),
('A1','10','1'),
('A1','11','1'),
('A1','12','1'),
('A1','13','1'),
('A1','14','1'),
('A1','15','1'),
('A1','16','1'),
('A1','17','1'),
('A1','18','1'),
('A1','19','1'),
('A1','20','1'),
('A1','21','1'),
('A1','22','1'),
('A1','23','1'),
('A1','24','1'),
('A1','25','1'),
('A1','26','1'),
('A1','27','1'),
('A1','28','1'),
('A1','29','1'),
('A1','30','1'),
('A1','31','1'),
('A1','32','1'),
('A1','33','1'),
('A1','1','1'),
('A1','2','1'),
('A1','3','1'),
('A1','4','1'),
('A1','5','1'),
('A1','6','1'),
('A1','7','1'),
('A1','8','1'),
('A1','9','1'),
('A1','10','1'),
('A1','11','1'),
('A1','12','1'),
('A1','13','1'),
('A1','14','1'),
('A1','15','1'),
('A1','16','1'),
('A1','17','1'),
('A1','18','1'),
('A1','19','1'),
('A1','20','1'),
('A1','21','1'),
('A1','22','1'),
('A1','23','1'),
('A1','24','1'),
('A1','25','1'),
('A1','26','1'),
('A1','27','1'),
('A1','28','1'),
('A1','29','1'),
('A1','30','1'),
('A1','31','1'),
('A1','1','1'),
('A1','2','1'),
('A1','3','1'),
('A1','4','1'),
('A1','5','1'),
('A1','6','1'),
('A1','7','1'),
('A1','8','1'),
('A1','9','1'),
('A1','10','1'),
('A1','11','1'),
('A1','12','1'),
('A1','13','1'),
('A1','14','1'),
('A1','15','1'),
('A1','16','1'),
('A1','17','1'),
('A1','18','1'),
('A1','19','1'),
('A1','20','1'),
('A1','21','1'),
('A1','22','1'),
('A1','23','1'),
('A1','24','1'),
('A1','25','1'),
('A1','26','1'),
('A1','27','1'),
('B1','10','1'),
('B1','11','1'),
('B1','12','1'),
('B1','13','1'),
('B1','1','1'),
('B1','2','1'),
('B1','3','1'),
('B1','4','1'),
('B1','5','1'),
('B1','6','1'),
('B1','7','1'),
('B1','8','1'),
('B1','9','1'),
('B1','10','1'),
('B1','11','1'),
('B1','12','1'),
('B1','13','1'),
('B1','2','1'),
('B1','3','1'),
('B1','4','1'),
('B1','5','1'),
('B1','6','1'),
('B1','7','1'),
('B1','8','1'),
('B1','9','1'),
('B1','10','1'),
('B1','11','1'),
('B1','12','1'),
('B1','13','1'),
('B1','3','1'),
('B1','4','1'),
('B1','5','1'),
('B1','6','1'),
('B1','7','1'),
('B1','8','1'),
('B1','9','1'),
('B1','10','1'),
('B1','11','1'),
('B1','12','1'),
('B1','3','1'),
('B1','4','1'),
('B1','5','1'),
('B1','6','1'),
('B1','7','1'),
('B1','8','1'),
('B1','9','1'),
('B1','10','1'),
('B1','11','1'),
('B1','12','1'),
('B1','4','1'),
('B1','5','1'),
('B1','6','1'),
('B1','7','1'),
('B1','8','1'),
('B1','9','1'),
('B1','10','1'),
('B1','11','1'),
('B1','12','1'),
('B1','4','1'),
('B1','5','1'),
('B1','6','1'),
('B1','7','1'),
('B1','8','1'),
('B1','9','1'),
('B1','10','1'),
('B1','11','1'),
('B1','12','1'),
('B1','5','1'),
('B1','6','1'),
('B1','7','1'),
('B1','8','1'),
('B1','9','1'),
('B1','10','1'),
('B1','11','1'),
('B1','6','1'),
('B1','7','1'),
('B1','8','1'),
('B1','9','1'),
('B1','10','1'),
('B1','11','1'),
('B1','7','1'),
('B1','8','1'),
('B1','9','1'),
('B1','10','1'),
('B1','11','1'),
('B1','7','1'),
('B1','8','1'),
('B1','9','1'),
('B1','10','1'),
('B1','9','1'),
('B1','10','1'),
('B1','9','1'),
('B1','10','1'),
('B1','9','1'),
('B1','10','1'),
('Z1','1','1'),
('Z1','2','1'),
('Z1','3','1'),
('Z1','4','1'),
('Z1','1','1'),
('Z1','2','1'),
('Z1','3','1'),
('Z1','4','1'),
('Z1','5','1'),
('Z1','6','1'),
('Z1','7','1'),
('Z1','8','1'),
('Z1','9','1'),
('Z1','10','1'),
('Z1','11','1'),
('Z1','12','1'),
('Z1','13','1'),
('Z1','1','1'),
('Z1','2','1'),
('Z1','3','1'),
('Z1','4','1'),
('Z1','5','1'),
('Z1','6','1'),
('Z1','7','1'),
('Z1','8','1'),
('Z1','9','1'),
('Z1','10','1'),
('Z1','11','1'),
('Z1','12','1'),
('Z1','2','1'),
('Z1','3','1'),
('Z1','4','1'),
('Z1','5','1'),
('Z1','6','1'),
('Z1','7','1'),
('Z1','8','1'),
('Z1','9','1'),
('Z1','10','1'),
('Z1','11','1'),
('Z1','2','1'),
('Z1','3','1'),
('Z1','4','1'),
('Z1','5','1'),
('Z1','6','1'),
('Z1','7','1'),
('Z1','8','1'),
('Z1','9','1'),
('Z1','10','1'),
('Z1','11','1'),
('Z1','2','1'),
('Z1','3','1'),
('Z1','4','1'),
('Z1','5','1'),
('Z1','6','1'),
('Z1','7','1'),
('Z1','8','1'),
('Z1','9','1'),
('Z1','10','1'),
('Z1','2','1'),
('Z1','3','1'),
('Z1','4','1'),
('Z1','5','1'),
('Z1','6','1'),
('Z1','7','1'),
('Z1','8','1'),
('Z1','9','1'),
('Z1','10','1'),
('Z1','3','1'),
('Z1','4','1'),
('Z1','5','1'),
('Z1','6','1'),
('Z1','7','1'),
('Z1','8','1'),
('Z1','9','1'),
('Z1','3','1'),
('Z1','4','1'),
('Z1','5','1'),
('Z1','6','1'),
('Z1','7','1'),
('Z1','8','1'),
('Z1','3','1'),
('Z1','4','1'),
('Z1','5','1'),
('Z1','6','1'),
('Z1','7','1'),
('Z1','4','1'),
('Z1','5','1'),
('Z1','6','1'),
('Z1','7','1'),
('Z1','4','1'),
('Z1','5','1'),
('Z1','4','1'),
('Z1','5','1'),
('Z1','4','1'),
('Z1','5','1'),
('Y0','1','1'),
('Y0','2','1'),
('Y0','3','1'),
('Y0','4','1'),
('Y0','7','1'),
('Y0','8','1'),
('Y0','9','1'),
('Y0','10','1'),
('Y0','1','1'),
('Y0','2','1'),
('Y0','3','1'),
('Y0','4','1'),
('Y0','7','1'),
('Y0','8','1'),
('Y0','9','1'),
('Y0','10','1'),
('Y0','11','1'),
('Y0','12','1'),
('Y0','13','1'),
('Y0','14','1'),
('Y0','15','1'),
('Y0','16','1'),
('Y0','17','1'),
('Y0','1','1'),
('Y0','2','1'),
('Y0','3','1'),
('Y0','4','1'),
('Y0','7','1'),
('Y0','8','1'),
('Y0','9','1'),
('Y0','10','1'),
('Y0','11','1'),
('Y0','12','1'),
('Y0','13','1'),
('Y0','14','1'),
('Y0','15','1'),
('Y0','16','1'),
('Y0','17','1'),
('Y0','1','1'),
('Y0','2','1'),
('Y0','3','1'),
('Y0','4','1'),
('Y0','5','1'),
('Y0','7','1'),
('Y0','8','1'),
('Y0','9','1'),
('Y0','10','1'),
('Y0','11','1'),
('Y0','12','1'),
('Y0','13','1'),
('Y0','14','1'),
('Y0','15','1'),
('Y0','16','1'),
('Y0','17','1'),
('Y0','2','1'),
('Y0','3','1'),
('Y0','4','1'),
('Y0','5','1'),
('Y0','6','1'),
('Y0','7','1'),
('Y0','8','1'),
('Y0','9','1'),
('Y0','10','1'),
('Y0','11','1'),
('Y0','12','1'),
('Y0','13','1'),
('Y0','14','1'),
('Y0','15','1'),
('Y0','16','1'),
('Y0','17','1'),
('Y0','3','1'),
('Y0','4','1'),
('Y0','5','1'),
('Y0','6','1'),
('Y0','7','1'),
('Y0','8','1'),
('Y0','9','1'),
('Y0','10','1'),
('Y0','11','1'),
('Y0','12','1'),
('Y0','13','1'),
('Y0','14','1'),
('Y0','15','1'),
('Y0','16','1'),
('Y0','17','1'),
('Y0','3','1'),
('Y0','4','1'),
('Y0','5','1'),
('Y0','6','1'),
('Y0','7','1'),
('Y0','8','1'),
('Y0','9','1'),
('Y0','10','1'),
('Y0','11','1'),
('Y0','12','1'),
('Y0','13','1'),
('Y0','14','1'),
('Y0','15','1'),
('Y0','16','1'),
('Y0','17','1'),
('Y0','4','1'),
('Y0','5','1'),
('Y0','6','1'),
('Y0','7','1'),
('Y0','8','1'),
('Y0','9','1'),
('Y0','10','1'),
('Y0','11','1'),
('Y0','12','1'),
('Y0','13','1'),
('Y0','14','1'),
('Y0','15','1'),
('Y0','16','1'),
('Y0','17','1'),
('Y0','5','1'),
('Y0','6','1'),
('Y0','7','1'),
('Y0','8','1'),
('Y0','9','1'),
('Y0','10','1'),
('Y0','11','1'),
('Y0','12','1'),
('Y0','13','1'),
('Y0','14','1'),
('Y0','15','1'),
('Y0','16','1'),
('Y0','17','1'),
('Y0','6','1'),
('Y0','7','1'),
('Y0','8','1'),
('Y0','9','1'),
('Y0','10','1'),
('Y0','11','1'),
('Y0','12','1'),
('Y0','13','1'),
('Y0','14','1'),
('Y0','15','1'),
('Y0','16','1'),
('Y0','17','1'),
('Y0','6','1'),
('Y0','7','1'),
('Y0','8','1'),
('Y0','9','1'),
('Y0','10','1'),
('Y0','11','1'),
('Y0','12','1'),
('Y0','13','1'),
('Y0','14','1'),
('Y0','15','1'),
('Y0','16','1'),
('Y0','17','1'),
('Y0','18','1'),
('Y0','19','1'),
('Y0','6','1'),
('Y0','7','1'),
('Y0','8','1'),
('Y0','9','1'),
('Y0','10','1'),
('Y0','11','1'),
('Y0','12','1'),
('Y0','13','1'),
('Y0','14','1'),
('Y0','15','1'),
('Y0','16','1'),
('Y0','17','1'),
('Y0','18','1'),
('Y0','19','1'),
('Y0','7','1'),
('Y0','8','1'),
('Y0','9','1'),
('Y0','10','1'),
('Y0','11','1'),
('Y0','12','1'),
('Y0','13','1'),
('Y0','14','1'),
('Y0','15','1'),
('Y0','16','1'),
('Y0','17','1'),
('Y0','18','1'),
('Y0','19','1'),
('Y0','8','1'),
('Y0','9','1'),
('Y0','10','1'),
('Y0','11','1'),
('Y0','12','1'),
('Y0','13','1'),
('Y0','14','1'),
('Y0','15','1'),
('Y0','16','1'),
('Y0','17','1'),
('Y0','18','1'),
('Y0','19','1'),
('Y0','8','1'),
('Y0','9','1'),
('Y0','10','1'),
('Y0','11','1'),
('Y0','12','1'),
('Y0','13','1'),
('Y0','14','1'),
('Y0','15','1'),
('Y0','16','1'),
('Y0','17','1'),
('Y0','18','1'),
('Y0','19','1'),
('Y0','9','1'),
('Y0','10','1'),
('Y0','11','1'),
('Y0','12','1'),
('Y0','13','1'),
('Y0','14','1'),
('Y0','15','1'),
('Y0','16','1'),
('Y0','17','1'),
('Y0','18','1'),
('Y0','19','1'),
('Y0','10','1'),
('Y0','11','1'),
('Y0','12','1'),
('Y0','13','1'),
('Y0','14','1'),
('Y0','15','1'),
('Y0','16','1'),
('Y0','17','1'),
('Y0','18','1'),
('Y0','19','1'),
('C0','10','1'),
('C0','11','1'),
('C0','12','1'),
('C0','13','1'),
('C0','17','1'),
('C0','18','1'),
('C0','19','1'),
('C0','20','1'),
('C0','3','1'),
('C0','4','1'),
('C0','5','1'),
('C0','6','1'),
('C0','7','1'),
('C0','8','1'),
('C0','9','1'),
('C0','10','1'),
('C0','11','1'),
('C0','12','1'),
('C0','13','1'),
('C0','17','1'),
('C0','18','1'),
('C0','19','1'),
('C0','20','1'),
('C0','3','1'),
('C0','4','1'),
('C0','5','1'),
('C0','6','1'),
('C0','7','1'),
('C0','8','1'),
('C0','9','1'),
('C0','10','1'),
('C0','11','1'),
('C0','12','1'),
('C0','13','1'),
('C0','17','1'),
('C0','18','1'),
('C0','19','1'),
('C0','20','1'),
('C0','3','1'),
('C0','4','1'),
('C0','5','1'),
('C0','6','1'),
('C0','7','1'),
('C0','8','1'),
('C0','9','1'),
('C0','10','1'),
('C0','11','1'),
('C0','12','1'),
('C0','13','1'),
('C0','15','1'),
('C0','16','1'),
('C0','17','1'),
('C0','18','1'),
('C0','19','1'),
('C0','3','1'),
('C0','4','1'),
('C0','5','1'),
('C0','6','1'),
('C0','7','1'),
('C0','8','1'),
('C0','9','1'),
('C0','10','1'),
('C0','11','1'),
('C0','12','1'),
('C0','13','1'),
('C0','14','1'),
('C0','15','1'),
('C0','16','1'),
('C0','17','1'),
('C0','18','1'),
('C0','3','1'),
('C0','4','1'),
('C0','5','1'),
('C0','6','1'),
('C0','7','1'),
('C0','8','1'),
('C0','9','1'),
('C0','10','1'),
('C0','11','1'),
('C0','12','1'),
('C0','13','1'),
('C0','14','1'),
('C0','15','1'),
('C0','16','1'),
('C0','17','1'),
('C0','3','1'),
('C0','4','1'),
('C0','5','1'),
('C0','6','1'),
('C0','7','1'),
('C0','8','1'),
('C0','9','1'),
('C0','10','1'),
('C0','11','1'),
('C0','12','1'),
('C0','13','1'),
('C0','14','1'),
('C0','15','1'),
('C0','16','1'),
('C0','17','1'),
('C0','3','1'),
('C0','4','1'),
('C0','5','1'),
('C0','6','1'),
('C0','7','1'),
('C0','8','1'),
('C0','9','1'),
('C0','10','1'),
('C0','11','1'),
('C0','12','1'),
('C0','13','1'),
('C0','14','1'),
('C0','15','1'),
('C0','16','1'),
('C0','3','1'),
('C0','4','1'),
('C0','5','1'),
('C0','6','1'),
('C0','7','1'),
('C0','8','1'),
('C0','9','1'),
('C0','10','1'),
('C0','11','1'),
('C0','12','1'),
('C0','13','1'),
('C0','14','1'),
('C0','15','1'),
('C0','3','1'),
('C0','4','1'),
('C0','5','1'),
('C0','6','1'),
('C0','7','1'),
('C0','8','1'),
('C0','9','1'),
('C0','10','1'),
('C0','11','1'),
('C0','12','1'),
('C0','13','1'),
('C0','14','1'),
('C0','1','1'),
('C0','2','1'),
('C0','3','1'),
('C0','4','1'),
('C0','5','1'),
('C0','6','1'),
('C0','7','1'),
('C0','8','1'),
('C0','9','1'),
('C0','10','1'),
('C0','11','1'),
('C0','12','1'),
('C0','13','1'),
('C0','14','1'),
('C0','1','1'),
('C0','2','1'),
('C0','3','1'),
('C0','4','1'),
('C0','5','1'),
('C0','6','1'),
('C0','7','1'),
('C0','8','1'),
('C0','9','1'),
('C0','10','1'),
('C0','11','1'),
('C0','12','1'),
('C0','13','1'),
('C0','14','1'),
('C0','1','1'),
('C0','2','1'),
('C0','3','1'),
('C0','4','1'),
('C0','5','1'),
('C0','6','1'),
('C0','7','1'),
('C0','8','1'),
('C0','9','1'),
('C0','10','1'),
('C0','11','1'),
('C0','12','1'),
('C0','13','1'),
('C0','1','1'),
('C0','2','1'),
('C0','3','1'),
('C0','4','1'),
('C0','5','1'),
('C0','6','1'),
('C0','7','1'),
('C0','8','1'),
('C0','9','1'),
('C0','10','1'),
('C0','11','1'),
('C0','12','1'),
('C0','1','1'),
('C0','2','1'),
('C0','3','1'),
('C0','4','1'),
('C0','5','1'),
('C0','6','1'),
('C0','7','1'),
('C0','8','1'),
('C0','9','1'),
('C0','10','1'),
('C0','11','1'),
('C0','12','1'),
('C0','1','1'),
('C0','2','1'),
('C0','3','1'),
('C0','4','1'),
('C0','5','1'),
('C0','6','1'),
('C0','7','1'),
('C0','8','1'),
('C0','9','1'),
('C0','10','1'),
('C0','11','1'),
('C0','1','1'),
('C0','2','1'),
('C0','3','1'),
('C0','4','1'),
('C0','5','1'),
('C0','6','1'),
('C0','7','1'),
('C0','8','1'),
('C0','9','1'),
('C0','9','1'),
('D1','1','1'),
('D1','2','1'),
('D1','3','1'),
('D1','4','1'),
('D1','5','1'),
('D1','6','1'),
('D1','7','1'),
('D1','8','1'),
('D1','9','1'),
('D1','10','1'),
('D1','11','1'),
('D1','12','1'),
('D1','13','1'),
('D1','14','1'),
('D1','15','1'),
('D1','16','1'),
('D1','17','1'),
('D1','18','1'),
('D1','19','1'),
('D1','20','1'),
('D1','21','1'),
('D1','22','1'),
('D1','1','1'),
('D1','2','1'),
('D1','3','1'),
('D1','4','1'),
('D1','5','1'),
('D1','6','1'),
('D1','7','1'),
('D1','8','1'),
('D1','9','1'),
('D1','10','1'),
('D1','11','1'),
('D1','12','1'),
('D1','13','1'),
('D1','14','1'),
('D1','15','1'),
('D1','16','1'),
('D1','17','1'),
('D1','18','1'),
('D1','19','1'),
('D1','20','1'),
('D1','21','1'),
('D1','22','1'),
('D1','1','1'),
('D1','2','1'),
('D1','3','1'),
('D1','4','1'),
('D1','5','1'),
('D1','6','1'),
('D1','7','1'),
('D1','8','1'),
('D1','9','1'),
('D1','10','1'),
('D1','11','1'),
('D1','12','1'),
('D1','13','1'),
('D1','14','1'),
('D1','15','1'),
('D1','16','1'),
('D1','17','1'),
('D1','18','1'),
('D1','19','1'),
('D1','20','1'),
('D1','21','1'),
('D1','22','1'),
('D1','1','1'),
('D1','2','1'),
('D1','3','1'),
('D1','4','1'),
('D1','5','1'),
('D1','6','1'),
('D1','7','1'),
('D1','8','1'),
('D1','9','1'),
('D1','10','1'),
('D1','11','1'),
('D1','12','1'),
('D1','13','1'),
('D1','14','1'),
('D1','15','1'),
('D1','16','1'),
('D1','17','1'),
('D1','18','1'),
('D1','19','1'),
('D1','20','1'),
('D1','21','1'),
('D1','1','1'),
('D1','2','1'),
('D1','3','1'),
('D1','4','1'),
('D1','5','1'),
('D1','6','1'),
('D1','7','1'),
('D1','8','1'),
('D1','9','1'),
('D1','10','1'),
('D1','11','1'),
('D1','12','1'),
('D1','13','1'),
('D1','14','1'),
('D1','1','1'),
('D1','2','1'),
('D1','3','1'),
('D1','4','1'),
('D1','5','1'),
('D1','6','1'),
('D1','7','1'),
('D1','8','1'),
('D1','1','1'),
('D1','2','1'),
('D1','3','1'),
('X1','1','1'),
('X1','2','1'),
('X1','3','1'),
('X1','4','1'),
('X1','5','1'),
('X1','6','1'),
('X1','7','1'),
('X1','8','1'),
('X1','9','1'),
('X1','10','1'),
('X1','11','1'),
('X1','12','1'),
('X1','13','1'),
('X1','14','1'),
('X1','15','1'),
('X1','16','1'),
('X1','17','1'),
('X1','18','1'),
('X1','19','1'),
('X1','20','1'),
('X1','21','1'),
('X1','22','1'),
('X1','1','1'),
('X1','2','1'),
('X1','3','1'),
('X1','4','1'),
('X1','5','1'),
('X1','6','1'),
('X1','7','1'),
('X1','8','1'),
('X1','9','1'),
('X1','10','1'),
('X1','11','1'),
('X1','12','1'),
('X1','13','1'),
('X1','14','1'),
('X1','15','1'),
('X1','16','1'),
('X1','17','1'),
('X1','18','1'),
('X1','19','1'),
('X1','20','1'),
('X1','21','1'),
('X1','22','1'),
('X1','1','1'),
('X1','2','1'),
('X1','3','1'),
('X1','4','1'),
('X1','5','1'),
('X1','6','1'),
('X1','7','1'),
('X1','8','1'),
('X1','9','1'),
('X1','10','1'),
('X1','11','1'),
('X1','12','1'),
('X1','13','1'),
('X1','14','1'),
('X1','15','1'),
('X1','16','1'),
('X1','17','1'),
('X1','18','1'),
('X1','19','1'),
('X1','20','1'),
('X1','21','1'),
('X1','22','1'),
('X1','2','1'),
('X1','3','1'),
('X1','4','1'),
('X1','5','1'),
('X1','6','1'),
('X1','7','1'),
('X1','8','1'),
('X1','9','1'),
('X1','10','1'),
('X1','11','1'),
('X1','12','1'),
('X1','13','1'),
('X1','14','1'),
('X1','15','1'),
('X1','16','1'),
('X1','17','1'),
('X1','18','1'),
('X1','19','1'),
('X1','20','1'),
('X1','21','1'),
('X1','22','1'),
('X1','9','1'),
('X1','10','1'),
('X1','11','1'),
('X1','12','1'),
('X1','13','1'),
('X1','14','1'),
('X1','15','1'),
('X1','16','1'),
('X1','17','1'),
('X1','18','1'),
('X1','19','1'),
('X1','20','1'),
('X1','21','1'),
('X1','22','1'),
('X1','15','1'),
('X1','16','1'),
('X1','17','1'),
('X1','18','1'),
('X1','19','1'),
('X1','20','1'),
('X1','21','1'),
('X1','22','1'),
('X1','20','1'),
('X1','21','1'),
('X1','22','1'),
('E2','1','1'),
('E2','2','1'),
('E2','3','1'),
('E2','4','1'),
('E2','5','1'),
('E2','6','1'),
('E2','7','1'),
('E2','8','1'),
('E2','9','1'),
('E2','10','1'),
('E2','11','1'),
('E2','12','1'),
('E2','13','1'),
('E2','14','1'),
('E2','15','1'),
('E2','16','1'),
('E2','17','1'),
('E2','18','1'),
('E2','19','1'),
('E2','20','1'),
('E2','21','1'),
('E2','22','1'),
('E2','23','1'),
('E2','24','1'),
('E2','25','1'),
('E2','26','1'),
('E2','27','1'),
('E2','28','1'),
('E2','29','1'),
('E2','30','1'),
('E2','31','1'),
('E2','32','1'),
('E2','33','1'),
('E2','34','1'),
('E2','35','1'),
('E2','36','1'),
('E2','1','1'),
('E2','2','1'),
('E2','3','1'),
('E2','4','1'),
('E2','5','1'),
('E2','6','1'),
('E2','7','1'),
('E2','8','1'),
('E2','9','1'),
('E2','10','1'),
('E2','11','1'),
('E2','12','1'),
('E2','13','1'),
('E2','14','1'),
('E2','15','1'),
('E2','16','1'),
('E2','17','1'),
('E2','18','1'),
('E2','19','1'),
('E2','20','1'),
('E2','21','1'),
('E2','22','1'),
('E2','23','1'),
('E2','24','1'),
('E2','25','1'),
('E2','26','1'),
('E2','27','1'),
('E2','28','1'),
('E2','29','1'),
('E2','30','1'),
('E2','31','1'),
('E2','32','1'),
('E2','33','1'),
('E2','34','1'),
('E2','35','1'),
('E2','36','1'),
('E2','1','1'),
('E2','2','1'),
('E2','3','1'),
('E2','4','1'),
('E2','5','1'),
('E2','6','1'),
('E2','7','1'),
('E2','8','1'),
('E2','9','1'),
('E2','10','1'),
('E2','11','1'),
('E2','12','1'),
('E2','13','1'),
('E2','14','1'),
('E2','15','1'),
('E2','16','1'),
('E2','17','1'),
('E2','18','1'),
('E2','19','1'),
('E2','20','1'),
('E2','21','1'),
('E2','22','1'),
('E2','23','1'),
('E2','24','1'),
('E2','25','1'),
('E2','26','1'),
('E2','27','1'),
('E2','28','1'),
('E2','29','1'),
('E2','30','1'),
('E2','31','1'),
('E2','32','1'),
('E2','33','1'),
('E2','34','1'),
('E2','35','1'),
('E2','36','1'),
('E2','1','1'),
('E2','2','1'),
('E2','3','1'),
('E2','4','1'),
('E2','5','1'),
('E2','6','1'),
('E2','7','1'),
('E2','8','1'),
('E2','9','1'),
('E2','10','1'),
('E2','11','1'),
('E2','12','1'),
('E2','13','1'),
('E2','14','1'),
('E2','15','1'),
('E2','16','1'),
('E2','17','1'),
('E2','18','1'),
('E2','19','1'),
('E2','20','1'),
('E2','21','1'),
('E2','22','1'),
('E2','23','1'),
('E2','24','1'),
('E2','25','1'),
('E2','26','1'),
('E2','27','1'),
('E2','28','1'),
('E2','29','1'),
('E2','30','1'),
('E2','31','1'),
('E2','32','1'),
('E2','33','1'),
('E2','34','1'),
('E2','35','1'),
('E2','36','1'),
('E2','1','1'),
('E2','2','1'),
('E2','3','1'),
('E2','4','1'),
('E2','5','1'),
('E2','6','1'),
('E2','7','1'),
('E2','8','1'),
('E2','9','1'),
('E2','10','1'),
('E2','11','1'),
('E2','12','1'),
('E2','13','1'),
('E2','14','1'),
('E2','15','1'),
('E2','16','1'),
('E2','17','1'),
('E2','18','1'),
('E2','19','1'),
('E2','20','1'),
('E2','21','1'),
('E2','22','1'),
('E2','23','1'),
('E2','24','1'),
('E2','25','1'),
('E2','26','1'),
('E2','27','1'),
('E2','28','1'),
('E2','29','1'),
('E2','30','1'),
('E2','31','1'),
('E2','32','1'),
('E2','33','1'),
('E2','34','1'),
('E2','35','1'),
('E2','36','1'),
('E2','1','1'),
('E2','2','1'),
('E2','3','1'),
('E2','4','1'),
('E2','5','1'),
('E2','6','1'),
('E2','7','1'),
('E2','8','1'),
('E2','9','1'),
('E2','10','1'),
('E2','11','1'),
('E2','12','1'),
('E2','13','1'),
('E2','14','1'),
('E2','15','1'),
('E2','16','1'),
('E2','17','1'),
('E2','18','1'),
('E2','19','1'),
('E2','20','1'),
('E2','21','1'),
('E2','22','1'),
('E2','23','1'),
('E2','24','1'),
('E2','25','1'),
('E2','26','1'),
('E2','27','1'),
('E2','28','1'),
('E2','29','1'),
('E2','30','1'),
('E2','31','1'),
('E2','32','1'),
('E2','33','1'),
('E2','34','1'),
('E2','35','1'),
('E2','36','1'),
('E2','1','1'),
('E2','2','1'),
('E2','3','1'),
('E2','4','1'),
('E2','5','1'),
('E2','6','1'),
('E2','7','1'),
('E2','8','1'),
('E2','9','1'),
('E2','10','1'),
('E2','11','1'),
('E2','12','1'),
('E2','13','1'),
('E2','14','1'),
('E2','15','1'),
('E2','16','1'),
('E2','17','1'),
('E2','18','1'),
('E2','19','1'),
('E2','20','1'),
('E2','21','1'),
('E2','22','1'),
('E2','23','1'),
('E2','24','1'),
('E2','25','1'),
('E2','26','1'),
('E2','27','1'),
('E2','28','1'),
('E2','29','1'),
('E2','30','1'),
('E2','31','1'),
('E2','32','1'),
('E2','33','1'),
('E2','34','1'),
('E2','35','1'),
('E2','36','1'),
('E2','1','1'),
('E2','2','1'),
('E2','3','1'),
('E2','4','1'),
('E2','5','1'),
('E2','6','1'),
('E2','7','1'),
('E2','8','1'),
('E2','9','1'),
('E2','10','1'),
('E2','11','1'),
('E2','12','1'),
('E2','13','1'),
('E2','14','1'),
('E2','15','1'),
('E2','16','1'),
('E2','17','1'),
('E2','18','1'),
('E2','19','1'),
('E2','20','1'),
('E2','21','1'),
('E2','22','1'),
('E2','23','1'),
('E2','24','1'),
('E2','25','1'),
('E2','26','1'),
('E2','27','1'),
('E2','28','1'),
('E2','29','1'),
('E2','30','1'),
('E2','31','1'),
('E2','32','1'),
('E2','33','1'),
('E2','34','1'),
('E2','35','1'),
('E2','36','1'),
('E2','1','1'),
('E2','2','1'),
('E2','3','1'),
('E2','4','1'),
('E2','5','1'),
('E2','6','1'),
('E2','7','1'),
('E2','8','1'),
('E2','9','1'),
('E2','10','1'),
('E2','11','1'),
('E2','12','1'),
('E2','13','1'),
('E2','14','1'),
('E2','15','1'),
('E2','16','1'),
('E2','17','1'),
('E2','18','1'),
('E2','19','1'),
('E2','20','1'),
('E2','21','1'),
('E2','22','1'),
('E2','23','1'),
('E2','24','1'),
('E2','25','1'),
('E2','26','1'),
('E2','27','1'),
('E2','28','1'),
('E2','29','1'),
('E2','30','1'),
('E2','31','1'),
('E2','32','1'),
('E2','33','1'),
('E2','34','1'),
('E2','35','1'),
('E2','36','1'),
('E2','1','1'),
('E2','2','1'),
('E2','3','1'),
('E2','4','1'),
('E2','5','1'),
('E2','6','1'),
('E2','7','1'),
('E2','8','1'),
('E2','9','1'),
('E2','10','1'),
('E2','11','1'),
('E2','12','1'),
('E2','13','1'),
('E2','14','1'),
('E2','15','1'),
('E2','16','1'),
('E2','17','1'),
('E2','18','1'),
('E2','19','1'),
('E2','20','1'),
('E2','21','1'),
('E2','22','1'),
('E2','23','1'),
('E2','24','1'),
('E2','25','1'),
('E2','26','1'),
('E2','27','1'),
('E2','28','1'),
('E2','29','1'),
('E2','30','1'),
('E2','31','1'),
('E2','32','1'),
('E2','33','1'),
('E2','34','1'),
('E2','35','1'),
('E2','36','1'),
('E2','1','1'),
('E2','2','1'),
('E2','3','1'),
('E2','4','1'),
('E2','5','1'),
('E2','6','1'),
('E2','7','1'),
('E2','8','1'),
('E2','9','1'),
('E2','10','1'),
('E2','11','1'),
('E2','12','1'),
('E2','13','1'),
('E2','14','1'),
('E2','15','1'),
('E2','16','1'),
('E2','17','1'),
('E2','18','1'),
('E2','19','1'),
('E2','20','1'),
('E2','21','1'),
('E2','22','1'),
('E2','23','1'),
('E2','24','1'),
('E2','25','1'),
('E2','26','1'),
('E2','27','1'),
('E2','28','1'),
('E2','29','1'),
('E2','30','1'),
('E2','31','1'),
('E2','32','1'),
('E2','33','1'),
('E2','34','1'),
('E2','35','1'),
('E2','36','1'),
('E2','1','1'),
('E2','2','1'),
('E2','3','1'),
('E2','4','1'),
('E2','5','1'),
('E2','6','1'),
('E2','7','1'),
('E2','8','1'),
('E2','9','1'),
('E2','10','1'),
('E2','11','1'),
('E2','12','1'),
('E2','13','1'),
('E2','14','1'),
('E2','15','1'),
('E2','20','1'),
('E2','21','1'),
('E2','22','1'),
('E2','23','1'),
('E2','24','1'),
('E2','25','1'),
('E2','26','1'),
('E2','27','1'),
('E2','28','1'),
('E2','29','1'),
('E2','30','1'),
('E2','31','1'),
('E2','32','1'),
('E2','33','1'),
('E2','34','1'),
('E2','35','1'),
('E2','36','1'),
('W2','1','1'),
('W2','2','1'),
('W2','3','1'),
('W2','4','1'),
('W2','5','1'),
('W2','6','1'),
('W2','7','1'),
('W2','8','1'),
('W2','9','1'),
('W2','10','1'),
('W2','11','1'),
('W2','12','1'),
('W2','13','1'),
('W2','14','1'),
('W2','15','1'),
('W2','16','1'),
('W2','17','1'),
('W2','18','1'),
('W2','19','1'),
('W2','20','1'),
('W2','21','1'),
('W2','22','1'),
('W2','23','1'),
('W2','24','1'),
('W2','25','1'),
('W2','26','1'),
('W2','27','1'),
('W2','28','1'),
('W2','29','1'),
('W2','30','1'),
('W2','31','1'),
('W2','32','1'),
('W2','33','1'),
('W2','34','1'),
('W2','35','1'),
('W2','36','1'),
('W2','1','1'),
('W2','2','1'),
('W2','3','1'),
('W2','4','1'),
('W2','5','1'),
('W2','6','1'),
('W2','7','1'),
('W2','8','1'),
('W2','9','1'),
('W2','10','1'),
('W2','11','1'),
('W2','12','1'),
('W2','13','1'),
('W2','14','1'),
('W2','15','1'),
('W2','16','1'),
('W2','17','1'),
('W2','18','1'),
('W2','19','1'),
('W2','20','1'),
('W2','21','1'),
('W2','22','1'),
('W2','23','1'),
('W2','24','1'),
('W2','25','1'),
('W2','26','1'),
('W2','27','1'),
('W2','28','1'),
('W2','29','1'),
('W2','30','1'),
('W2','31','1'),
('W2','32','1'),
('W2','33','1'),
('W2','34','1'),
('W2','35','1'),
('W2','36','1'),
('W2','1','1'),
('W2','2','1'),
('W2','3','1'),
('W2','4','1'),
('W2','5','1'),
('W2','6','1'),
('W2','7','1'),
('W2','8','1'),
('W2','9','1'),
('W2','10','1'),
('W2','11','1'),
('W2','12','1'),
('W2','13','1'),
('W2','14','1'),
('W2','15','1'),
('W2','16','1'),
('W2','17','1'),
('W2','18','1'),
('W2','19','1'),
('W2','20','1'),
('W2','21','1'),
('W2','22','1'),
('W2','23','1'),
('W2','24','1'),
('W2','25','1'),
('W2','26','1'),
('W2','27','1'),
('W2','28','1'),
('W2','29','1'),
('W2','30','1'),
('W2','31','1'),
('W2','32','1'),
('W2','33','1'),
('W2','34','1'),
('W2','35','1'),
('W2','36','1'),
('W2','1','1'),
('W2','2','1'),
('W2','3','1'),
('W2','4','1'),
('W2','5','1'),
('W2','6','1'),
('W2','7','1'),
('W2','8','1'),
('W2','9','1'),
('W2','10','1'),
('W2','11','1'),
('W2','12','1'),
('W2','13','1'),
('W2','14','1'),
('W2','15','1'),
('W2','16','1'),
('W2','17','1'),
('W2','18','1'),
('W2','19','1'),
('W2','20','1'),
('W2','21','1'),
('W2','22','1'),
('W2','23','1'),
('W2','24','1'),
('W2','25','1'),
('W2','26','1'),
('W2','27','1'),
('W2','28','1'),
('W2','29','1'),
('W2','30','1'),
('W2','31','1'),
('W2','32','1'),
('W2','33','1'),
('W2','34','1'),
('W2','35','1'),
('W2','36','1'),
('W2','1','1'),
('W2','2','1'),
('W2','3','1'),
('W2','4','1'),
('W2','5','1'),
('W2','6','1'),
('W2','7','1'),
('W2','8','1'),
('W2','9','1'),
('W2','10','1'),
('W2','11','1'),
('W2','12','1'),
('W2','13','1'),
('W2','14','1'),
('W2','15','1'),
('W2','16','1'),
('W2','17','1'),
('W2','18','1'),
('W2','19','1'),
('W2','20','1'),
('W2','21','1'),
('W2','22','1'),
('W2','23','1'),
('W2','24','1'),
('W2','25','1'),
('W2','26','1'),
('W2','27','1'),
('W2','28','1'),
('W2','29','1'),
('W2','30','1'),
('W2','31','1'),
('W2','32','1'),
('W2','33','1'),
('W2','34','1'),
('W2','35','1'),
('W2','36','1'),
('W2','1','1'),
('W2','2','1'),
('W2','3','1'),
('W2','4','1'),
('W2','5','1'),
('W2','6','1'),
('W2','7','1'),
('W2','8','1'),
('W2','9','1'),
('W2','10','1'),
('W2','11','1'),
('W2','12','1'),
('W2','13','1'),
('W2','14','1'),
('W2','15','1'),
('W2','16','1'),
('W2','17','1'),
('W2','18','1'),
('W2','19','1'),
('W2','20','1'),
('W2','21','1'),
('W2','22','1'),
('W2','23','1'),
('W2','24','1'),
('W2','25','1'),
('W2','26','1'),
('W2','27','1'),
('W2','28','1'),
('W2','29','1'),
('W2','30','1'),
('W2','31','1'),
('W2','32','1'),
('W2','33','1'),
('W2','34','1'),
('W2','35','1'),
('W2','36','1'),
('W2','1','1'),
('W2','2','1'),
('W2','3','1'),
('W2','4','1'),
('W2','5','1'),
('W2','6','1'),
('W2','7','1'),
('W2','8','1'),
('W2','9','1'),
('W2','10','1'),
('W2','11','1'),
('W2','12','1'),
('W2','13','1'),
('W2','14','1'),
('W2','15','1'),
('W2','16','1'),
('W2','17','1'),
('W2','18','1'),
('W2','19','1'),
('W2','20','1'),
('W2','21','1'),
('W2','22','1'),
('W2','23','1'),
('W2','24','1'),
('W2','25','1'),
('W2','26','1'),
('W2','27','1'),
('W2','28','1'),
('W2','29','1'),
('W2','30','1'),
('W2','31','1'),
('W2','32','1'),
('W2','33','1'),
('W2','34','1'),
('W2','35','1'),
('W2','36','1'),
('W2','1','1'),
('W2','2','1'),
('W2','3','1'),
('W2','4','1'),
('W2','5','1'),
('W2','6','1'),
('W2','7','1'),
('W2','8','1'),
('W2','9','1'),
('W2','10','1'),
('W2','11','1'),
('W2','12','1'),
('W2','13','1'),
('W2','14','1'),
('W2','15','1'),
('W2','16','1'),
('W2','17','1'),
('W2','18','1'),
('W2','19','1'),
('W2','20','1'),
('W2','21','1'),
('W2','22','1'),
('W2','23','1'),
('W2','24','1'),
('W2','25','1'),
('W2','26','1'),
('W2','27','1'),
('W2','28','1'),
('W2','29','1'),
('W2','30','1'),
('W2','31','1'),
('W2','32','1'),
('W2','33','1'),
('W2','34','1'),
('W2','35','1'),
('W2','36','1'),
('W2','1','1'),
('W2','2','1'),
('W2','3','1'),
('W2','4','1'),
('W2','5','1'),
('W2','6','1'),
('W2','7','1'),
('W2','8','1'),
('W2','9','1'),
('W2','10','1'),
('W2','11','1'),
('W2','12','1'),
('W2','13','1'),
('W2','14','1'),
('W2','15','1'),
('W2','16','1'),
('W2','17','1'),
('W2','18','1'),
('W2','19','1'),
('W2','20','1'),
('W2','21','1'),
('W2','22','1'),
('W2','23','1'),
('W2','24','1'),
('W2','25','1'),
('W2','26','1'),
('W2','27','1'),
('W2','28','1'),
('W2','29','1'),
('W2','30','1'),
('W2','31','1'),
('W2','32','1'),
('W2','33','1'),
('W2','34','1'),
('W2','35','1'),
('W2','36','1'),
('W2','1','1'),
('W2','2','1'),
('W2','3','1'),
('W2','4','1'),
('W2','5','1'),
('W2','6','1'),
('W2','7','1'),
('W2','8','1'),
('W2','9','1'),
('W2','10','1'),
('W2','11','1'),
('W2','12','1'),
('W2','13','1'),
('W2','14','1'),
('W2','15','1'),
('W2','16','1'),
('W2','17','1'),
('W2','18','1'),
('W2','19','1'),
('W2','20','1'),
('W2','21','1'),
('W2','22','1'),
('W2','23','1'),
('W2','24','1'),
('W2','25','1'),
('W2','26','1'),
('W2','27','1'),
('W2','28','1'),
('W2','29','1'),
('W2','30','1'),
('W2','31','1'),
('W2','32','1'),
('W2','33','1'),
('W2','34','1'),
('W2','35','1'),
('W2','36','1'),
('W2','1','1'),
('W2','2','1'),
('W2','3','1'),
('W2','4','1'),
('W2','5','1'),
('W2','6','1'),
('W2','7','1'),
('W2','8','1'),
('W2','9','1'),
('W2','10','1'),
('W2','11','1'),
('W2','12','1'),
('W2','13','1'),
('W2','14','1'),
('W2','15','1'),
('W2','16','1'),
('W2','17','1'),
('W2','18','1'),
('W2','19','1'),
('W2','20','1'),
('W2','21','1'),
('W2','22','1'),
('W2','23','1'),
('W2','24','1'),
('W2','25','1'),
('W2','26','1'),
('W2','27','1'),
('W2','28','1'),
('W2','29','1'),
('W2','30','1'),
('W2','31','1'),
('W2','32','1'),
('W2','33','1'),
('W2','34','1'),
('W2','35','1'),
('W2','36','1'),
('W2','1','1'),
('W2','2','1'),
('W2','3','1'),
('W2','4','1'),
('W2','5','1'),
('W2','6','1'),
('W2','7','1'),
('W2','8','1'),
('W2','9','1'),
('W2','10','1'),
('W2','11','1'),
('W2','12','1'),
('W2','13','1'),
('W2','14','1'),
('W2','15','1'),
('W2','20','1'),
('W2','21','1'),
('W2','22','1'),
('W2','23','1'),
('W2','24','1'),
('W2','25','1'),
('W2','26','1'),
('W2','27','1'),
('W2','28','1'),
('W2','29','1'),
('W2','30','1'),
('W2','31','1'),
('W2','32','1'),
('W2','33','1'),
('W2','34','1'),
('W2','35','1'),
('W2','36','1'),
('F2','1','1'),
('F2','2','1'),
('F2','3','1'),
('F2','4','1'),
('F2','5','1'),
('F2','6','1'),
('F2','7','1'),
('F2','8','1'),
('F2','9','1'),
('F2','10','1'),
('F2','11','1'),
('F2','12','1'),
('F2','13','1'),
('F2','14','1'),
('F2','15','1'),
('F2','16','1'),
('F2','17','1'),
('F2','18','1'),
('F2','19','1'),
('F2','20','1'),
('F2','21','1'),
('F2','22','1'),
('F2','23','1'),
('F2','24','1'),
('F2','25','1'),
('F2','26','1'),
('F2','1','1'),
('F2','2','1'),
('F2','3','1'),
('F2','4','1'),
('F2','5','1'),
('F2','6','1'),
('F2','7','1'),
('F2','8','1'),
('F2','9','1'),
('F2','10','1'),
('F2','11','1'),
('F2','12','1'),
('F2','13','1'),
('F2','14','1'),
('F2','15','1'),
('F2','16','1'),
('F2','17','1'),
('F2','18','1'),
('F2','19','1'),
('F2','20','1'),
('F2','21','1'),
('F2','22','1'),
('F2','23','1'),
('F2','24','1'),
('F2','25','1'),
('F2','26','1'),
('F2','1','1'),
('F2','2','1'),
('F2','3','1'),
('F2','4','1'),
('F2','5','1'),
('F2','6','1'),
('F2','7','1'),
('F2','8','1'),
('F2','9','1'),
('F2','10','1'),
('F2','11','1'),
('F2','12','1'),
('F2','13','1'),
('F2','14','1'),
('F2','15','1'),
('F2','16','1'),
('F2','17','1'),
('F2','18','1'),
('F2','19','1'),
('F2','20','1'),
('F2','21','1'),
('F2','22','1'),
('F2','23','1'),
('F2','24','1'),
('F2','25','1'),
('F2','26','1'),
('F2','1','1'),
('F2','2','1'),
('F2','3','1'),
('F2','4','1'),
('F2','5','1'),
('F2','6','1'),
('F2','7','1'),
('F2','8','1'),
('F2','9','1'),
('F2','10','1'),
('F2','11','1'),
('F2','12','1'),
('F2','13','1'),
('F2','14','1'),
('F2','15','1'),
('F2','16','1'),
('F2','17','1'),
('F2','18','1'),
('F2','19','1'),
('F2','20','1'),
('F2','21','1'),
('F2','22','1'),
('F2','23','1'),
('F2','24','1'),
('F2','25','1'),
('F2','26','1'),
('F2','1','1'),
('F2','2','1'),
('F2','3','1'),
('F2','4','1'),
('F2','5','1'),
('F2','6','1'),
('F2','7','1'),
('F2','8','1'),
('F2','9','1'),
('F2','10','1'),
('F2','11','1'),
('F2','12','1'),
('F2','13','1'),
('F2','14','1'),
('F2','15','1'),
('F2','16','1'),
('F2','17','1'),
('F2','18','1'),
('F2','19','1'),
('F2','20','1'),
('F2','21','1'),
('F2','22','1'),
('F2','23','1'),
('F2','24','1'),
('F2','25','1'),
('F2','26','1'),
('F2','1','1'),
('F2','2','1'),
('F2','3','1'),
('F2','4','1'),
('F2','5','1'),
('F2','6','1'),
('F2','7','1'),
('F2','8','1'),
('F2','9','1'),
('F2','10','1'),
('F2','11','1'),
('F2','12','1'),
('F2','13','1'),
('F2','14','1'),
('F2','15','1'),
('F2','16','1'),
('F2','17','1'),
('F2','18','1'),
('F2','19','1'),
('F2','20','1'),
('F2','21','1'),
('F2','22','1'),
('F2','23','1'),
('F2','24','1'),
('F2','25','1'),
('F2','26','1'),
('F2','1','1'),
('F2','2','1'),
('F2','3','1'),
('F2','4','1'),
('F2','5','1'),
('F2','6','1'),
('F2','7','1'),
('F2','8','1'),
('F2','9','1'),
('F2','10','1'),
('F2','11','1'),
('F2','12','1'),
('F2','13','1'),
('F2','14','1'),
('F2','15','1'),
('F2','16','1'),
('F2','17','1'),
('F2','18','1'),
('F2','19','1'),
('F2','20','1'),
('F2','21','1'),
('F2','22','1'),
('F2','23','1'),
('F2','24','1'),
('F2','25','1'),
('F2','26','1'),
('F2','1','1'),
('F2','2','1'),
('F2','3','1'),
('F2','4','1'),
('F2','5','1'),
('F2','6','1'),
('F2','7','1'),
('F2','8','1'),
('F2','9','1'),
('F2','10','1'),
('F2','11','1'),
('F2','12','1'),
('F2','13','1'),
('F2','14','1'),
('F2','15','1'),
('F2','16','1'),
('F2','17','1'),
('F2','18','1'),
('F2','19','1'),
('F2','20','1'),
('F2','21','1'),
('F2','22','1'),
('F2','23','1'),
('F2','24','1'),
('F2','25','1'),
('F2','26','1'),
('F2','1','1'),
('F2','2','1'),
('F2','3','1'),
('F2','4','1'),
('F2','5','1'),
('F2','6','1'),
('F2','7','1'),
('F2','8','1'),
('F2','9','1'),
('F2','10','1'),
('F2','11','1'),
('F2','12','1'),
('F2','13','1'),
('F2','14','1'),
('F2','15','1'),
('F2','16','1'),
('F2','17','1'),
('F2','18','1'),
('F2','19','1'),
('F2','20','1'),
('F2','21','1'),
('F2','22','1'),
('F2','23','1'),
('F2','24','1'),
('F2','25','1'),
('F2','26','1'),
('F2','1','1'),
('F2','2','1'),
('F2','3','1'),
('F2','4','1'),
('F2','5','1'),
('F2','6','1'),
('F2','7','1'),
('F2','8','1'),
('F2','9','1'),
('F2','10','1'),
('F2','17','1'),
('F2','18','1'),
('F2','19','1'),
('F2','20','1'),
('F2','21','1'),
('F2','22','1'),
('F2','23','1'),
('F2','24','1'),
('F2','25','1'),
('F2','26','1'),
('V2','1','1'),
('V2','2','1'),
('V2','3','1'),
('V2','4','1'),
('V2','5','1'),
('V2','6','1'),
('V2','7','1'),
('V2','8','1'),
('V2','9','1'),
('V2','10','1'),
('V2','11','1'),
('V2','12','1'),
('V2','13','1'),
('V2','14','1'),
('V2','15','1'),
('V2','16','1'),
('V2','17','1'),
('V2','18','1'),
('V2','19','1'),
('V2','20','1'),
('V2','21','1'),
('V2','22','1'),
('V2','23','1'),
('V2','24','1'),
('V2','25','1'),
('V2','26','1'),
('V2','1','1'),
('V2','2','1'),
('V2','3','1'),
('V2','4','1'),
('V2','5','1'),
('V2','6','1'),
('V2','7','1'),
('V2','8','1'),
('V2','9','1'),
('V2','10','1'),
('V2','11','1'),
('V2','12','1'),
('V2','13','1'),
('V2','14','1'),
('V2','15','1'),
('V2','16','1'),
('V2','17','1'),
('V2','18','1'),
('V2','19','1'),
('V2','20','1'),
('V2','21','1'),
('V2','22','1'),
('V2','23','1'),
('V2','24','1'),
('V2','25','1'),
('V2','26','1'),
('V2','1','1'),
('V2','2','1'),
('V2','3','1'),
('V2','4','1'),
('V2','5','1'),
('V2','6','1'),
('V2','7','1'),
('V2','8','1'),
('V2','9','1'),
('V2','10','1'),
('V2','11','1'),
('V2','12','1'),
('V2','13','1'),
('V2','14','1'),
('V2','15','1'),
('V2','16','1'),
('V2','17','1'),
('V2','18','1'),
('V2','19','1'),
('V2','20','1'),
('V2','21','1'),
('V2','22','1'),
('V2','23','1'),
('V2','24','1'),
('V2','25','1'),
('V2','26','1'),
('V2','1','1'),
('V2','2','1'),
('V2','3','1'),
('V2','4','1'),
('V2','5','1'),
('V2','6','1'),
('V2','7','1'),
('V2','8','1'),
('V2','9','1'),
('V2','10','1'),
('V2','11','1'),
('V2','12','1'),
('V2','13','1'),
('V2','14','1'),
('V2','15','1'),
('V2','16','1'),
('V2','17','1'),
('V2','18','1'),
('V2','19','1'),
('V2','20','1'),
('V2','21','1'),
('V2','22','1'),
('V2','23','1'),
('V2','24','1'),
('V2','25','1'),
('V2','26','1'),
('V2','1','1'),
('V2','2','1'),
('V2','3','1'),
('V2','4','1'),
('V2','5','1'),
('V2','6','1'),
('V2','7','1'),
('V2','8','1'),
('V2','9','1'),
('V2','10','1'),
('V2','11','1'),
('V2','12','1'),
('V2','13','1'),
('V2','14','1'),
('V2','15','1'),
('V2','16','1'),
('V2','17','1'),
('V2','18','1'),
('V2','19','1'),
('V2','20','1'),
('V2','21','1'),
('V2','22','1'),
('V2','23','1'),
('V2','24','1'),
('V2','25','1'),
('V2','26','1'),
('V2','1','1'),
('V2','2','1'),
('V2','3','1'),
('V2','4','1'),
('V2','5','1'),
('V2','6','1'),
('V2','7','1'),
('V2','8','1'),
('V2','9','1'),
('V2','10','1'),
('V2','11','1'),
('V2','12','1'),
('V2','13','1'),
('V2','14','1'),
('V2','15','1'),
('V2','16','1'),
('V2','17','1'),
('V2','18','1'),
('V2','19','1'),
('V2','20','1'),
('V2','21','1'),
('V2','22','1'),
('V2','23','1'),
('V2','24','1'),
('V2','25','1'),
('V2','26','1'),
('V2','1','1'),
('V2','2','1'),
('V2','3','1'),
('V2','4','1'),
('V2','5','1'),
('V2','6','1'),
('V2','7','1'),
('V2','8','1'),
('V2','9','1'),
('V2','10','1'),
('V2','11','1'),
('V2','12','1'),
('V2','13','1'),
('V2','14','1'),
('V2','15','1'),
('V2','16','1'),
('V2','17','1'),
('V2','18','1'),
('V2','19','1'),
('V2','20','1'),
('V2','21','1'),
('V2','22','1'),
('V2','23','1'),
('V2','24','1'),
('V2','25','1'),
('V2','26','1'),
('V2','1','1'),
('V2','2','1'),
('V2','3','1'),
('V2','4','1'),
('V2','5','1'),
('V2','6','1'),
('V2','7','1'),
('V2','8','1'),
('V2','9','1'),
('V2','10','1'),
('V2','11','1'),
('V2','12','1'),
('V2','13','1'),
('V2','14','1'),
('V2','15','1'),
('V2','16','1'),
('V2','17','1'),
('V2','18','1'),
('V2','19','1'),
('V2','20','1'),
('V2','21','1'),
('V2','22','1'),
('V2','23','1'),
('V2','24','1'),
('V2','25','1'),
('V2','26','1'),
('V2','1','1'),
('V2','2','1'),
('V2','3','1'),
('V2','4','1'),
('V2','5','1'),
('V2','6','1'),
('V2','7','1'),
('V2','8','1'),
('V2','9','1'),
('V2','10','1'),
('V2','11','1'),
('V2','12','1'),
('V2','13','1'),
('V2','14','1'),
('V2','15','1'),
('V2','16','1'),
('V2','17','1'),
('V2','18','1'),
('V2','19','1'),
('V2','20','1'),
('V2','21','1'),
('V2','22','1'),
('V2','23','1'),
('V2','24','1'),
('V2','25','1'),
('V2','26','1'),
('V2','1','1'),
('V2','2','1'),
('V2','3','1'),
('V2','4','1'),
('V2','5','1'),
('V2','6','1'),
('V2','7','1'),
('V2','8','1'),
('V2','9','1'),
('V2','10','1'),
('V2','17','1'),
('V2','18','1'),
('V2','19','1'),
('V2','20','1'),
('V2','21','1'),
('V2','22','1'),
('V2','23','1'),
('V2','24','1'),
('V2','25','1'),
('V2','26','1'),
('V2','1','1'),
('V2','2','1'),
('V2','3','1'),
('V2','4','1'),
('V2','5','1'),
('V2','6','1'),
('V2','7','1'),
('V2','8','1'),
('V2','9','1'),
('V2','10','1'),
('V2','11','1'),
('V2','12','1'),
('V2','13','1'),
('V2','14','1'),
('V2','15','1'),
('V2','16','1'),
('V2','17','1'),
('V2','18','1'),
('V2','19','1'),
('V2','20','1'),
('V2','21','1'),
('V2','26','1'),
('V2','1','1'),
('V2','2','1'),
('V2','3','1'),
('V2','4','1'),
('V2','5','1'),
('V2','6','1'),
('V2','7','1'),
('V2','8','1'),
('V2','9','1'),
('V2','10','1'),
('V2','11','1'),
('V2','12','1'),
('V2','13','1'),
('V2','14','1'),
('V2','15','1'),
('V2','16','1'),
('V2','17','1'),
('V2','18','1'),
('V2','19','1'),
('V2','20','1'),
('V2','21','1'),
('V2','22','1'),
('V2','23','1'),
('V2','24','1'),
('V2','25','1'),
('V2','26','1'),
('I','1','3'),
('I','2','3'),
('I','3','3'),
('I','4','3'),
('I','5','3'),
('I','6','3'),
('I','7','3'),
('I','8','3'),
('I','9','3'),
('I','10','3'),
('I','11','3'),
('I','12','3'),
('I','13','3'),
('I','14','3'),
('I','15','3'),
('I','16','3'),
('I','17','3'),
('I','18','3'),
('I','19','3'),
('I','20','3'),
('I','21','3'),
('I','22','3'),
('I','23','3'),
('I','24','3'),
('I','1','3'),
('I','2','3'),
('I','3','3'),
('I','4','3'),
('I','5','3'),
('I','6','3'),
('I','7','3'),
('I','8','3'),
('I','9','3'),
('I','10','3'),
('I','11','3'),
('I','12','3'),
('I','13','3'),
('I','14','3'),
('I','15','3'),
('I','16','3'),
('I','17','3'),
('I','18','3'),
('I','19','3'),
('I','20','3'),
('I','21','3'),
('I','22','3'),
('I','23','3'),
('I','24','3'),
('I','1','3'),
('I','2','3'),
('I','3','3'),
('I','4','3'),
('I','5','3'),
('I','6','3'),
('I','7','3'),
('I','8','3'),
('I','9','3'),
('I','10','3'),
('I','11','3'),
('I','12','3'),
('I','13','3'),
('I','14','3'),
('I','15','3'),
('I','16','3'),
('I','17','3'),
('I','18','3'),
('I','19','3'),
('I','20','3'),
('I','21','3'),
('I','22','3'),
('I','23','3'),
('I','24','3'),
('I','1','3'),
('I','2','3'),
('I','3','3'),
('I','4','3'),
('I','5','3'),
('I','6','3'),
('I','7','3'),
('I','8','3'),
('I','9','3'),
('I','10','3'),
('I','11','3'),
('I','12','3'),
('I','13','3'),
('I','14','3'),
('I','15','3'),
('I','16','3'),
('I','17','3'),
('I','18','3'),
('I','19','3'),
('I','20','3'),
('I','21','3'),
('I','22','3'),
('I','23','3'),
('I','24','3'),
('I','1','3'),
('I','2','3'),
('I','3','3'),
('I','4','3'),
('I','5','3'),
('I','6','3'),
('I','7','3'),
('I','8','3'),
('I','9','3'),
('I','10','3'),
('I','11','3'),
('I','12','3'),
('I','13','3'),
('I','14','3'),
('I','15','3'),
('I','16','3'),
('I','17','3'),
('I','18','3'),
('I','19','3'),
('I','20','3'),
('I','21','3'),
('I','22','3'),
('I','23','3'),
('I','24','3'),
('I','1','3'),
('I','2','3'),
('I','3','3'),
('I','4','3'),
('I','5','3'),
('I','6','3'),
('I','7','3'),
('I','8','3'),
('I','9','3'),
('I','10','3'),
('I','11','3'),
('I','12','3'),
('I','13','3'),
('I','14','3'),
('I','15','3'),
('I','16','3'),
('I','17','3'),
('I','18','3'),
('I','19','3'),
('I','20','3'),
('I','21','3'),
('I','22','3'),
('I','23','3'),
('I','24','3'),
('I','1','3'),
('I','2','3'),
('I','3','3'),
('I','4','3'),
('I','5','3'),
('I','6','3'),
('I','7','3'),
('I','8','3'),
('I','9','3'),
('I','10','3'),
('I','11','3'),
('I','12','3'),
('I','13','3'),
('I','14','3'),
('I','15','3'),
('I','16','3'),
('I','17','3'),
('I','18','3'),
('I','19','3'),
('I','20','3'),
('I','21','3'),
('I','22','3'),
('I','23','3'),
('I','24','3'),
('I','1','3'),
('I','2','3'),
('I','3','3'),
('I','4','3'),
('I','5','3'),
('I','6','3'),
('I','7','3'),
('I','8','3'),
('I','9','3'),
('I','10','3'),
('I','11','3'),
('I','12','3'),
('I','13','3'),
('I','14','3'),
('I','15','3'),
('I','16','3'),
('I','17','3'),
('I','18','3'),
('I','19','3'),
('I','20','3'),
('I','21','3'),
('I','22','3'),
('I','23','3'),
('I','24','3'),
('I','1','3'),
('I','2','3'),
('I','3','3'),
('I','4','3'),
('I','5','3'),
('I','6','3'),
('I','7','3'),
('I','8','3'),
('I','9','3'),
('I','10','3'),
('I','11','3'),
('I','12','3'),
('I','13','3'),
('I','14','3'),
('I','15','3'),
('I','16','3'),
('I','17','3'),
('I','18','3'),
('I','19','3'),
('I','20','3'),
('I','21','3'),
('I','22','3'),
('I','23','3'),
('I','24','3'),
('I','1','3'),
('I','2','3'),
('I','3','3'),
('I','4','3'),
('I','5','3'),
('I','6','3'),
('I','7','3'),
('I','8','3'),
('I','9','3'),
('I','10','3'),
('I','11','3'),
('I','12','3'),
('I','13','3'),
('I','14','3'),
('I','15','3'),
('I','16','3'),
('I','17','3'),
('I','18','3'),
('I','19','3'),
('I','20','3'),
('I','21','3'),
('I','22','3'),
('I','23','3'),
('I','24','3'),
('I','1','3'),
('I','2','3'),
('I','3','3'),
('I','4','3'),
('I','5','3'),
('I','6','3'),
('I','7','3'),
('I','8','3'),
('I','9','3'),
('I','10','3'),
('I','11','3'),
('I','12','3'),
('I','13','3'),
('I','14','3'),
('I','15','3'),
('I','16','3'),
('I','17','3'),
('I','18','3'),
('I','19','3'),
('I','20','3'),
('I','21','3'),
('I','22','3'),
('I','23','3'),
('I','24','3'),
('I','1','3'),
('I','2','3'),
('I','3','3'),
('I','4','3'),
('I','5','3'),
('I','6','3'),
('I','7','3'),
('I','8','3'),
('I','9','3'),
('I','10','3'),
('I','11','3'),
('I','12','3'),
('I','13','3'),
('I','14','3'),
('I','15','3'),
('I','16','3'),
('I','17','3'),
('I','18','3'),
('I','19','3'),
('I','20','3'),
('I','21','3'),
('I','22','3'),
('I','23','3'),
('I','24','3'),
('I','1','3'),
('I','2','3'),
('I','3','3'),
('I','4','3'),
('I','5','3'),
('I','6','3'),
('I','7','3'),
('I','8','3'),
('I','9','3'),
('I','10','3'),
('I','11','3'),
('I','12','3'),
('I','13','3'),
('I','14','3'),
('I','15','3'),
('I','16','3'),
('I','17','3'),
('I','18','3'),
('I','19','3'),
('I','20','3'),
('I','21','3'),
('I','22','3'),
('I','23','3'),
('I','24','3'),
('I','1','3'),
('I','2','3'),
('I','3','3'),
('I','4','3'),
('I','5','3'),
('I','6','3'),
('I','7','3'),
('I','8','3'),
('I','9','3'),
('I','10','3'),
('I','11','3'),
('I','12','3'),
('I','13','3'),
('I','14','3'),
('I','15','3'),
('I','16','3'),
('I','17','3'),
('I','18','3'),
('I','19','3'),
('I','20','3'),
('I','21','3'),
('I','22','3'),
('I','23','3'),
('I','24','3'),
('I','1','3'),
('I','2','3'),
('I','3','3'),
('I','4','3'),
('I','5','3'),
('I','6','3'),
('I','7','3'),
('I','8','3'),
('I','9','3'),
('I','10','3'),
('I','11','3'),
('I','12','3'),
('I','13','3'),
('I','14','3'),
('I','15','3'),
('I','16','3'),
('I','17','3'),
('I','18','3'),
('I','19','3'),
('I','20','3'),
('I','21','3'),
('I','22','3'),
('I','23','3'),
('I','24','3'),
('I','1','3'),
('I','2','3'),
('I','3','3'),
('I','4','3'),
('I','5','3'),
('I','6','3'),
('I','7','3'),
('I','8','3'),
('I','9','3'),
('I','10','3'),
('I','11','3'),
('I','12','3'),
('I','13','3'),
('I','14','3'),
('I','15','3'),
('I','16','3'),
('I','17','3'),
('I','18','3'),
('I','19','3'),
('I','20','3'),
('I','21','3'),
('I','22','3'),
('I','23','3'),
('I','24','3'),
('I','1','3'),
('I','2','3'),
('I','3','3'),
('I','4','3'),
('I','5','3'),
('I','6','3'),
('I','7','3'),
('I','8','3'),
('I','9','3'),
('I','10','3'),
('I','11','3'),
('I','12','3'),
('I','13','3'),
('I','14','3'),
('I','15','3'),
('I','16','3'),
('I','17','3'),
('I','18','3'),
('I','19','3'),
('I','20','3'),
('I','21','3'),
('I','22','3'),
('I','23','3'),
('I','24','3'),
('III','1','2'),
('III','2','2'),
('III','3','2'),
('III','4','2'),
('III','5','2'),
('III','6','2'),
('III','7','2'),
('III','8','2'),
('III','9','2'),
('III','10','2'),
('III','11','2'),
('III','12','2'),
('III','13','2'),
('III','14','2'),
('III','15','2'),
('III','16','2'),
('III','17','2'),
('III','18','2'),
('III','19','2'),
('III','20','2'),
('III','21','2'),
('III','22','2'),
('III','23','2'),
('III','24','2'),
('III','1','2'),
('III','2','2'),
('III','3','2'),
('III','4','2'),
('III','5','2'),
('III','6','2'),
('III','7','2'),
('III','8','2'),
('III','9','2'),
('III','10','2'),
('III','11','2'),
('III','12','2'),
('III','13','2'),
('III','14','2'),
('III','15','2'),
('III','16','2'),
('III','17','2'),
('III','18','2'),
('III','19','2'),
('III','20','2'),
('III','21','2'),
('III','22','2'),
('III','23','2'),
('III','24','2'),
('III','1','2'),
('III','2','2'),
('III','3','2'),
('III','4','2'),
('III','5','2'),
('III','6','2'),
('III','7','2'),
('III','8','2'),
('III','9','2'),
('III','10','2'),
('III','11','2'),
('III','12','2'),
('III','13','2'),
('III','14','2'),
('III','15','2'),
('III','16','2'),
('III','17','2'),
('III','18','2'),
('III','19','2'),
('III','20','2'),
('III','21','2'),
('III','22','2'),
('III','23','2'),
('III','24','2'),
('III','1','2'),
('III','2','2'),
('III','3','2'),
('III','4','2'),
('III','5','2'),
('III','6','2'),
('III','7','2'),
('III','8','2'),
('III','9','2'),
('III','10','2'),
('III','11','2'),
('III','12','2'),
('III','13','2'),
('III','14','2'),
('III','15','2'),
('III','16','2'),
('III','17','2'),
('III','18','2'),
('III','19','2'),
('III','20','2'),
('III','21','2'),
('III','22','2'),
('III','23','2'),
('III','24','2'),
('III','1','2'),
('III','2','2'),
('III','3','2'),
('III','4','2'),
('III','5','2'),
('III','6','2'),
('III','7','2'),
('III','8','2'),
('III','9','2'),
('III','10','2'),
('III','11','2'),
('III','12','2'),
('III','13','2'),
('III','14','2'),
('III','15','2'),
('III','16','2'),
('III','17','2'),
('III','18','2'),
('III','19','2'),
('III','20','2'),
('III','21','2'),
('III','22','2'),
('III','23','2'),
('III','24','2'),
('III','1','2'),
('III','2','2'),
('III','3','2'),
('III','4','2'),
('III','5','2'),
('III','6','2'),
('III','7','2'),
('III','8','2'),
('III','9','2'),
('III','10','2'),
('III','11','2'),
('III','12','2'),
('III','13','2'),
('III','14','2'),
('III','15','2'),
('III','16','2'),
('III','17','2'),
('III','18','2'),
('III','19','2'),
('III','20','2'),
('III','21','2'),
('III','22','2'),
('III','23','2'),
('III','24','2'),
('III','1','2'),
('III','2','2'),
('III','3','2'),
('III','4','2'),
('III','5','2'),
('III','6','2'),
('III','7','2'),
('III','8','2'),
('III','9','2'),
('III','10','2'),
('III','11','2'),
('III','12','2'),
('III','13','2'),
('III','14','2'),
('III','15','2'),
('III','16','2'),
('III','17','2'),
('III','18','2'),
('III','19','2'),
('III','20','2'),
('III','21','2'),
('III','22','2'),
('III','23','2'),
('III','24','2'),
('III','1','2'),
('III','2','2'),
('III','3','2'),
('III','4','2'),
('III','5','2'),
('III','6','2'),
('III','7','2'),
('III','8','2'),
('III','9','2'),
('III','10','2'),
('III','11','2'),
('III','12','2'),
('III','13','2'),
('III','14','2'),
('III','15','2'),
('III','16','2'),
('III','17','2'),
('III','18','2'),
('III','19','2'),
('III','20','2'),
('III','21','2'),
('III','22','2'),
('III','23','2'),
('III','24','2'),
('III','1','2'),
('III','2','2'),
('III','3','2'),
('III','4','2'),
('III','5','2'),
('III','6','2'),
('III','7','2'),
('III','8','2'),
('III','9','2'),
('III','10','2'),
('III','11','2'),
('III','12','2'),
('III','13','2'),
('III','14','2'),
('III','15','2'),
('III','16','2'),
('III','17','2'),
('III','18','2'),
('III','19','2'),
('III','20','2'),
('III','21','2'),
('III','22','2'),
('III','23','2'),
('III','24','2'),
('III','1','2'),
('III','2','2'),
('III','3','2'),
('III','4','2'),
('III','5','2'),
('III','6','2'),
('III','7','2'),
('III','8','2'),
('III','9','2'),
('III','10','2'),
('III','11','2'),
('III','12','2'),
('III','13','2'),
('III','14','2'),
('III','15','2'),
('III','16','2'),
('III','17','2'),
('III','18','2'),
('III','19','2'),
('III','20','2'),
('III','21','2'),
('III','22','2'),
('III','23','2'),
('III','24','2'),
('III','1','2'),
('III','2','2'),
('III','3','2'),
('III','4','2'),
('III','5','2'),
('III','6','2'),
('III','7','2'),
('III','8','2'),
('III','9','2'),
('III','10','2'),
('III','11','2'),
('III','12','2'),
('III','13','2'),
('III','14','2'),
('III','15','2'),
('III','16','2'),
('III','17','2'),
('III','18','2'),
('III','19','2'),
('III','20','2'),
('III','21','2'),
('III','22','2'),
('III','23','2'),
('III','24','2'),
('III','1','2'),
('III','2','2'),
('III','3','2'),
('III','4','2'),
('III','5','2'),
('III','6','2'),
('III','7','2'),
('III','8','2'),
('III','9','2'),
('III','10','2'),
('III','11','2'),
('III','12','2'),
('III','13','2'),
('III','14','2'),
('III','15','2'),
('III','16','2'),
('III','17','2'),
('III','18','2'),
('III','19','2'),
('III','20','2'),
('III','21','2'),
('III','22','2'),
('III','23','2'),
('III','24','2'),
('III','1','2'),
('III','2','2'),
('III','3','2'),
('III','4','2'),
('III','5','2'),
('III','6','2'),
('III','7','2'),
('III','8','2'),
('III','9','2'),
('III','10','2'),
('III','11','2'),
('III','12','2'),
('III','13','2'),
('III','14','2'),
('III','15','2'),
('III','16','2'),
('III','17','2'),
('III','18','2'),
('III','19','2'),
('III','20','2'),
('III','21','2'),
('III','22','2'),
('III','23','2'),
('III','24','2'),
('III','1','2'),
('III','2','2'),
('III','3','2'),
('III','4','2'),
('III','5','2'),
('III','6','2'),
('III','7','2'),
('III','8','2'),
('III','9','2'),
('III','10','2'),
('III','11','2'),
('III','12','2'),
('III','13','2'),
('III','14','2'),
('III','15','2'),
('III','16','2'),
('III','17','2'),
('III','18','2'),
('III','19','2'),
('III','20','2'),
('III','21','2'),
('III','22','2'),
('III','23','2'),
('III','24','2'),
('III','1','2'),
('III','2','2'),
('III','3','2'),
('III','4','2'),
('III','5','2'),
('III','6','2'),
('III','7','2'),
('III','8','2'),
('III','9','2'),
('III','10','2'),
('III','11','2'),
('III','12','2'),
('III','13','2'),
('III','14','2'),
('III','15','2'),
('III','16','2'),
('III','17','2'),
('III','18','2'),
('III','19','2'),
('III','20','2'),
('III','21','2'),
('III','22','2'),
('III','23','2'),
('III','24','2'),
('III','1','2'),
('III','2','2'),
('III','3','2'),
('III','4','2'),
('III','5','2'),
('III','6','2'),
('III','7','2'),
('III','8','2'),
('III','9','2'),
('III','10','2'),
('III','11','2'),
('III','12','2'),
('III','13','2'),
('III','14','2'),
('III','15','2'),
('III','16','2'),
('III','17','2'),
('III','18','2'),
('III','19','2'),
('III','20','2'),
('III','21','2'),
('III','22','2'),
('III','23','2'),
('III','24','2'),
('III','1','2'),
('III','2','2'),
('III','3','2'),
('III','4','2'),
('III','5','2'),
('III','6','2'),
('III','7','2'),
('III','8','2'),
('III','9','2'),
('III','10','2'),
('III','11','2'),
('III','12','2'),
('III','13','2'),
('III','14','2'),
('III','15','2'),
('III','16','2'),
('III','17','2'),
('III','18','2'),
('III','19','2'),
('III','20','2'),
('III','21','2'),
('III','22','2'),
('III','23','2'),
('III','24','2'),
('III','1','2'),
('III','2','2'),
('III','3','2'),
('III','4','2'),
('III','5','2'),
('III','6','2'),
('III','7','2'),
('III','8','2'),
('III','9','2'),
('III','10','2'),
('III','11','2'),
('III','12','2'),
('III','13','2'),
('III','14','2'),
('III','15','2'),
('III','16','2'),
('III','17','2'),
('III','18','2'),
('III','19','2'),
('III','20','2'),
('III','21','2'),
('III','22','2'),
('III','23','2'),
('III','24','2'),
('III','1','2'),
('III','2','2'),
('III','3','2'),
('III','4','2'),
('III','5','2'),
('III','6','2'),
('III','7','2'),
('III','8','2'),
('III','9','2'),
('III','10','2'),
('III','11','2'),
('III','12','2'),
('III','13','2'),
('III','14','2'),
('III','15','2'),
('III','16','2'),
('III','17','2'),
('III','18','2'),
('III','19','2'),
('III','20','2'),
('III','21','2'),
('III','22','2'),
('III','23','2'),
('III','24','2'),
('V','1','2'),
('V','2','2'),
('V','3','2'),
('V','4','2'),
('V','5','2'),
('V','6','2'),
('V','7','2'),
('V','8','2'),
('V','9','2'),
('V','10','2'),
('V','11','2'),
('V','12','2'),
('V','13','2'),
('V','14','2'),
('V','15','2'),
('V','16','2'),
('V','17','2'),
('V','18','2'),
('V','19','2'),
('V','20','2'),
('V','21','2'),
('V','22','2'),
('V','23','2'),
('V','24','2'),
('V','1','2'),
('V','2','2'),
('V','3','2'),
('V','4','2'),
('V','5','2'),
('V','6','2'),
('V','7','2'),
('V','8','2'),
('V','9','2'),
('V','10','2'),
('V','11','2'),
('V','12','2'),
('V','13','2'),
('V','14','2'),
('V','15','2'),
('V','16','2'),
('V','17','2'),
('V','18','2'),
('V','19','2'),
('V','20','2'),
('V','21','2'),
('V','22','2'),
('V','23','2'),
('V','24','2'),
('V','1','2'),
('V','2','2'),
('V','3','2'),
('V','4','2'),
('V','5','2'),
('V','6','2'),
('V','7','2'),
('V','8','2'),
('V','9','2'),
('V','10','2'),
('V','11','2'),
('V','12','2'),
('V','13','2'),
('V','14','2'),
('V','15','2'),
('V','16','2'),
('V','17','2'),
('V','18','2'),
('V','19','2'),
('V','20','2'),
('V','21','2'),
('V','22','2'),
('V','23','2'),
('V','24','2'),
('V','1','2'),
('V','2','2'),
('V','3','2'),
('V','4','2'),
('V','5','2'),
('V','6','2'),
('V','7','2'),
('V','8','2'),
('V','9','2'),
('V','10','2'),
('V','11','2'),
('V','12','2'),
('V','13','2'),
('V','14','2'),
('V','15','2'),
('V','16','2'),
('V','17','2'),
('V','18','2'),
('V','19','2'),
('V','20','2'),
('V','21','2'),
('V','22','2'),
('V','23','2'),
('V','24','2'),
('V','1','2'),
('V','2','2'),
('V','3','2'),
('V','4','2'),
('V','5','2'),
('V','6','2'),
('V','7','2'),
('V','8','2'),
('V','9','2'),
('V','10','2'),
('V','11','2'),
('V','12','2'),
('V','13','2'),
('V','14','2'),
('V','15','2'),
('V','16','2'),
('V','17','2'),
('V','18','2'),
('V','19','2'),
('V','20','2'),
('V','21','2'),
('V','22','2'),
('V','23','2'),
('V','24','2'),
('V','1','2'),
('V','2','2'),
('V','3','2'),
('V','4','2'),
('V','5','2'),
('V','6','2'),
('V','7','2'),
('V','8','2'),
('V','9','2'),
('V','10','2'),
('V','11','2'),
('V','12','2'),
('V','13','2'),
('V','14','2'),
('V','15','2'),
('V','16','2'),
('V','17','2'),
('V','18','2'),
('V','19','2'),
('V','20','2'),
('V','21','2'),
('V','22','2'),
('V','23','2'),
('V','24','2'),
('V','1','2'),
('V','2','2'),
('V','3','2'),
('V','4','2'),
('V','5','2'),
('V','6','2'),
('V','7','2'),
('V','8','2'),
('V','9','2'),
('V','10','2'),
('V','11','2'),
('V','12','2'),
('V','13','2'),
('V','14','2'),
('V','15','2'),
('V','16','2'),
('V','17','2'),
('V','18','2'),
('V','19','2'),
('V','20','2'),
('V','21','2'),
('V','22','2'),
('V','23','2'),
('V','24','2'),
('V','1','2'),
('V','2','2'),
('V','3','2'),
('V','4','2'),
('V','5','2'),
('V','6','2'),
('V','7','2'),
('V','8','2'),
('V','9','2'),
('V','10','2'),
('V','11','2'),
('V','12','2'),
('V','13','2'),
('V','14','2'),
('V','15','2'),
('V','16','2'),
('V','17','2'),
('V','18','2'),
('V','19','2'),
('V','20','2'),
('V','21','2'),
('V','22','2'),
('V','23','2'),
('V','24','2'),
('V','1','2'),
('V','2','2'),
('V','3','2'),
('V','4','2'),
('V','5','2'),
('V','6','2'),
('V','7','2'),
('V','8','2'),
('V','9','2'),
('V','10','2'),
('V','11','2'),
('V','12','2'),
('V','13','2'),
('V','14','2'),
('V','15','2'),
('V','16','2'),
('V','17','2'),
('V','18','2'),
('V','19','2'),
('V','20','2'),
('V','21','2'),
('V','22','2'),
('V','23','2'),
('V','24','2'),
('V','1','2'),
('V','2','2'),
('V','3','2'),
('V','4','2'),
('V','5','2'),
('V','6','2'),
('V','7','2'),
('V','8','2'),
('V','9','2'),
('V','10','2'),
('V','11','2'),
('V','12','2'),
('V','13','2'),
('V','14','2'),
('V','15','2'),
('V','16','2'),
('V','17','2'),
('V','18','2'),
('V','19','2'),
('V','20','2'),
('V','21','2'),
('V','22','2'),
('V','23','2'),
('V','24','2'),
('V','1','2'),
('V','2','2'),
('V','3','2'),
('V','4','2'),
('V','5','2'),
('V','6','2'),
('V','7','2'),
('V','8','2'),
('V','9','2'),
('V','10','2'),
('V','11','2'),
('V','12','2'),
('V','13','2'),
('V','14','2'),
('V','15','2'),
('V','16','2'),
('V','17','2'),
('V','18','2'),
('V','19','2'),
('V','20','2'),
('V','21','2'),
('V','22','2'),
('V','23','2'),
('V','24','2'),
('V','1','2'),
('V','2','2'),
('V','3','2'),
('V','4','2'),
('V','5','2'),
('V','6','2'),
('V','7','2'),
('V','8','2'),
('V','9','2'),
('V','10','2'),
('V','11','2'),
('V','12','2'),
('V','13','2'),
('V','14','2'),
('V','15','2'),
('V','16','2'),
('V','17','2'),
('V','18','2'),
('V','19','2'),
('V','20','2'),
('V','21','2'),
('V','22','2'),
('V','23','2'),
('V','24','2'),
('V','1','2'),
('V','2','2'),
('V','3','2'),
('V','4','2'),
('V','5','2'),
('V','6','2'),
('V','7','2'),
('V','8','2'),
('V','9','2'),
('V','10','2'),
('V','11','2'),
('V','12','2'),
('V','13','2'),
('V','14','2'),
('V','15','2'),
('V','16','2'),
('V','17','2'),
('V','18','2'),
('V','19','2'),
('V','20','2'),
('V','21','2'),
('V','22','2'),
('V','23','2'),
('V','24','2'),
('V','1','2'),
('V','2','2'),
('V','3','2'),
('V','4','2'),
('V','5','2'),
('V','6','2'),
('V','7','2'),
('V','8','2'),
('V','9','2'),
('V','10','2'),
('V','11','2'),
('V','12','2'),
('V','13','2'),
('V','14','2'),
('V','15','2'),
('V','16','2'),
('V','17','2'),
('V','18','2'),
('V','19','2'),
('V','20','2'),
('V','21','2'),
('V','22','2'),
('V','23','2'),
('V','24','2'),
('V','3','2'),
('V','4','2'),
('V','5','2'),
('V','6','2'),
('V','7','2'),
('V','8','2'),
('V','9','2'),
('V','10','2'),
('V','11','2'),
('V','12','2'),
('V','13','2'),
('V','14','2'),
('V','15','2'),
('V','16','2'),
('V','17','2'),
('V','18','2'),
('V','19','2'),
('V','20','2'),
('V','21','2'),
('V','22','2'),
('V','23','2'),
('V','24','2'),
('V','5','2'),
('V','6','2'),
('V','7','2'),
('V','8','2'),
('V','9','2'),
('V','10','2'),
('V','11','2'),
('V','12','2'),
('V','13','2'),
('V','14','2'),
('V','15','2'),
('V','16','2'),
('V','17','2'),
('V','18','2'),
('V','19','2'),
('V','20','2'),
('V','21','2'),
('V','22','2'),
('V','23','2'),
('V','24','2'),
('V','7','2'),
('V','8','2'),
('V','9','2'),
('V','10','2'),
('V','11','2'),
('V','12','2'),
('V','13','2'),
('V','14','2'),
('V','15','2'),
('V','16','2'),
('V','17','2'),
('V','18','2'),
('V','19','2'),
('V','20','2'),
('V','21','2'),
('V','22','2'),
('V','23','2'),
('V','24','2'),
('V','9','2'),
('V','10','2'),
('V','11','2'),
('V','12','2'),
('V','13','2'),
('V','14','2'),
('V','15','2'),
('V','16','2'),
('V','17','2'),
('V','18','2'),
('V','19','2'),
('V','20','2'),
('V','21','2'),
('V','22','2'),
('V','23','2'),
('V','24','2'),
('II','51','3'),
('II','52','3'),
('II','53','3'),
('II','54','3'),
('II','55','3'),
('II','56','3'),
('II','57','3'),
('II','58','3'),
('II','59','3'),
('II','60','3'),
('II','61','3'),
('II','62','3'),
('II','63','3'),
('II','64','3'),
('II','65','3'),
('II','66','3'),
('II','67','3'),
('II','68','3'),
('II','69','3'),
('II','70','3'),
('II','71','3'),
('II','72','3'),
('II','73','3'),
('II','74','3'),
('II','51','3'),
('II','52','3'),
('II','53','3'),
('II','54','3'),
('II','55','3'),
('II','56','3'),
('II','57','3'),
('II','58','3'),
('II','59','3'),
('II','60','3'),
('II','61','3'),
('II','62','3'),
('II','63','3'),
('II','64','3'),
('II','65','3'),
('II','66','3'),
('II','67','3'),
('II','68','3'),
('II','69','3'),
('II','70','3'),
('II','71','3'),
('II','72','3'),
('II','73','3'),
('II','74','3'),
('II','51','3'),
('II','52','3'),
('II','53','3'),
('II','54','3'),
('II','55','3'),
('II','56','3'),
('II','57','3'),
('II','58','3'),
('II','59','3'),
('II','60','3'),
('II','61','3'),
('II','62','3'),
('II','63','3'),
('II','64','3'),
('II','65','3'),
('II','66','3'),
('II','67','3'),
('II','68','3'),
('II','69','3'),
('II','70','3'),
('II','71','3'),
('II','72','3'),
('II','73','3'),
('II','74','3'),
('II','51','3'),
('II','52','3'),
('II','53','3'),
('II','54','3'),
('II','55','3'),
('II','56','3'),
('II','57','3'),
('II','58','3'),
('II','59','3'),
('II','60','3'),
('II','61','3'),
('II','62','3'),
('II','63','3'),
('II','64','3'),
('II','65','3'),
('II','66','3'),
('II','67','3'),
('II','68','3'),
('II','69','3'),
('II','70','3'),
('II','71','3'),
('II','72','3'),
('II','73','3'),
('II','74','3'),
('II','51','3'),
('II','52','3'),
('II','53','3'),
('II','54','3'),
('II','55','3'),
('II','56','3'),
('II','57','3'),
('II','58','3'),
('II','59','3'),
('II','60','3'),
('II','61','3'),
('II','62','3'),
('II','63','3'),
('II','64','3'),
('II','65','3'),
('II','66','3'),
('II','67','3'),
('II','68','3'),
('II','69','3'),
('II','70','3'),
('II','71','3'),
('II','72','3'),
('II','73','3'),
('II','74','3'),
('II','51','3'),
('II','52','3'),
('II','53','3'),
('II','54','3'),
('II','55','3'),
('II','56','3'),
('II','57','3'),
('II','58','3'),
('II','59','3'),
('II','60','3'),
('II','61','3'),
('II','62','3'),
('II','63','3'),
('II','64','3'),
('II','65','3'),
('II','66','3'),
('II','67','3'),
('II','68','3'),
('II','69','3'),
('II','70','3'),
('II','71','3'),
('II','72','3'),
('II','73','3'),
('II','74','3'),
('II','51','3'),
('II','52','3'),
('II','53','3'),
('II','54','3'),
('II','55','3'),
('II','56','3'),
('II','57','3'),
('II','58','3'),
('II','59','3'),
('II','60','3'),
('II','61','3'),
('II','62','3'),
('II','63','3'),
('II','64','3'),
('II','65','3'),
('II','66','3'),
('II','67','3'),
('II','68','3'),
('II','69','3'),
('II','70','3'),
('II','71','3'),
('II','72','3'),
('II','73','3'),
('II','74','3'),
('II','51','3'),
('II','52','3'),
('II','53','3'),
('II','54','3'),
('II','55','3'),
('II','56','3'),
('II','57','3'),
('II','58','3'),
('II','59','3'),
('II','60','3'),
('II','61','3'),
('II','62','3'),
('II','63','3'),
('II','64','3'),
('II','65','3'),
('II','66','3'),
('II','67','3'),
('II','68','3'),
('II','69','3'),
('II','70','3'),
('II','71','3'),
('II','72','3'),
('II','73','3'),
('II','74','3'),
('II','51','3'),
('II','52','3'),
('II','53','3'),
('II','54','3'),
('II','55','3'),
('II','56','3'),
('II','57','3'),
('II','58','3'),
('II','59','3'),
('II','60','3'),
('II','61','3'),
('II','62','3'),
('II','63','3'),
('II','64','3'),
('II','65','3'),
('II','66','3'),
('II','67','3'),
('II','68','3'),
('II','69','3'),
('II','70','3'),
('II','71','3'),
('II','72','3'),
('II','73','3'),
('II','74','3'),
('II','51','3'),
('II','52','3'),
('II','53','3'),
('II','54','3'),
('II','55','3'),
('II','56','3'),
('II','57','3'),
('II','58','3'),
('II','59','3'),
('II','60','3'),
('II','61','3'),
('II','62','3'),
('II','63','3'),
('II','64','3'),
('II','65','3'),
('II','66','3'),
('II','67','3'),
('II','68','3'),
('II','69','3'),
('II','70','3'),
('II','71','3'),
('II','72','3'),
('II','73','3'),
('II','74','3'),
('II','51','3'),
('II','52','3'),
('II','53','3'),
('II','54','3'),
('II','55','3'),
('II','56','3'),
('II','57','3'),
('II','58','3'),
('II','59','3'),
('II','60','3'),
('II','61','3'),
('II','62','3'),
('II','63','3'),
('II','64','3'),
('II','65','3'),
('II','66','3'),
('II','67','3'),
('II','68','3'),
('II','69','3'),
('II','70','3'),
('II','71','3'),
('II','72','3'),
('II','73','3'),
('II','74','3'),
('II','51','3'),
('II','52','3'),
('II','53','3'),
('II','54','3'),
('II','55','3'),
('II','56','3'),
('II','57','3'),
('II','58','3'),
('II','59','3'),
('II','60','3'),
('II','61','3'),
('II','62','3'),
('II','63','3'),
('II','64','3'),
('II','65','3'),
('II','66','3'),
('II','67','3'),
('II','68','3'),
('II','69','3'),
('II','70','3'),
('II','71','3'),
('II','72','3'),
('II','73','3'),
('II','74','3'),
('II','51','3'),
('II','52','3'),
('II','53','3'),
('II','54','3'),
('II','55','3'),
('II','56','3'),
('II','57','3'),
('II','58','3'),
('II','59','3'),
('II','60','3'),
('II','61','3'),
('II','62','3'),
('II','63','3'),
('II','64','3'),
('II','65','3'),
('II','66','3'),
('II','67','3'),
('II','68','3'),
('II','69','3'),
('II','70','3'),
('II','71','3'),
('II','72','3'),
('II','73','3'),
('II','74','3'),
('II','51','3'),
('II','52','3'),
('II','53','3'),
('II','54','3'),
('II','55','3'),
('II','56','3'),
('II','57','3'),
('II','58','3'),
('II','59','3'),
('II','60','3'),
('II','61','3'),
('II','62','3'),
('II','63','3'),
('II','64','3'),
('II','65','3'),
('II','66','3'),
('II','67','3'),
('II','68','3'),
('II','69','3'),
('II','70','3'),
('II','71','3'),
('II','72','3'),
('II','73','3'),
('II','74','3'),
('II','51','3'),
('II','52','3'),
('II','53','3'),
('II','54','3'),
('II','55','3'),
('II','56','3'),
('II','57','3'),
('II','58','3'),
('II','59','3'),
('II','60','3'),
('II','61','3'),
('II','62','3'),
('II','63','3'),
('II','64','3'),
('II','65','3'),
('II','66','3'),
('II','67','3'),
('II','68','3'),
('II','69','3'),
('II','70','3'),
('II','71','3'),
('II','72','3'),
('II','73','3'),
('II','74','3'),
('II','51','3'),
('II','52','3'),
('II','53','3'),
('II','54','3'),
('II','55','3'),
('II','56','3'),
('II','57','3'),
('II','58','3'),
('II','59','3'),
('II','60','3'),
('II','61','3'),
('II','62','3'),
('II','63','3'),
('II','64','3'),
('II','65','3'),
('II','66','3'),
('II','67','3'),
('II','68','3'),
('II','69','3'),
('II','70','3'),
('II','71','3'),
('II','72','3'),
('II','73','3'),
('II','74','3'),
('II','51','3'),
('II','52','3'),
('II','53','3'),
('II','54','3'),
('II','55','3'),
('II','56','3'),
('II','57','3'),
('II','58','3'),
('II','59','3'),
('II','60','3'),
('II','61','3'),
('II','62','3'),
('II','63','3'),
('II','64','3'),
('II','65','3'),
('II','66','3'),
('II','67','3'),
('II','68','3'),
('II','69','3'),
('II','70','3'),
('II','71','3'),
('II','72','3'),
('II','73','3'),
('II','74','3');

SELECT * FROM sectors;

-- INSERT INTO seats table -- 

INSERT INTO seats(seat_row,sector_id,seat_nr)
VALUES ('11','1','1'),
('11','2','2'),
('11','3','3'),
('11','4','4'),
('11','5','5'),
('11','6','6'),
('11','7','7'),
('11','8','8'),
('11','9','9'),
('11','10','10'),
('11','11','11'),
('11','12','12'),
('11','13','13'),
('11','14','14'),
('11','15','15'),
('11','16','16'),
('11','17','17'),
('11','18','18'),
('11','19','19'),
('11','20','20'),
('11','21','21'),
('11','22','22'),
('11','23','23'),
('11','24','24'),
('11','25','25'),
('11','26','26'),
('11','27','27'),
('11','28','28'),
('11','29','29'),
('11','30','30'),
('11','31','31'),
('11','32','32'),
('11','33','33'),
('12','34','1'),
('12','35','2'),
('12','36','3'),
('12','37','4'),
('12','38','5'),
('12','39','6'),
('12','40','7'),
('12','41','8'),
('12','42','9'),
('12','43','10'),
('12','44','11'),
('12','45','12'),
('12','46','13'),
('12','47','14'),
('12','48','15'),
('12','49','16'),
('12','50','17'),
('12','51','18'),
('12','52','19'),
('12','53','20'),
('12','54','21'),
('12','55','22'),
('12','56','23'),
('12','57','24'),
('12','58','25'),
('12','59','26'),
('12','60','27'),
('12','61','28'),
('12','62','29'),
('12','63','30'),
('12','64','31'),
('12','65','32'),
('12','66','33'),
('13','67','1'),
('13','68','2'),
('13','69','3'),
('13','70','4'),
('13','71','5'),
('13','72','6'),
('13','73','7'),
('13','74','8'),
('13','75','9'),
('13','76','10'),
('13','77','11'),
('13','78','12'),
('13','79','13'),
('13','80','14'),
('13','81','15'),
('13','82','16'),
('13','83','17'),
('13','84','18'),
('13','85','19'),
('13','86','20'),
('13','87','21'),
('13','88','22'),
('13','89','23'),
('13','90','24'),
('13','91','25'),
('13','92','26'),
('13','93','27'),
('13','94','28'),
('13','95','29'),
('13','96','30'),
('13','97','31'),
('13','98','32'),
('13','99','33'),
('14','100','1'),
('14','101','2'),
('14','102','3'),
('14','103','4'),
('14','104','5'),
('14','105','6'),
('14','106','7'),
('14','107','8'),
('14','108','9'),
('14','109','10'),
('14','110','11'),
('14','111','12'),
('14','112','13'),
('14','113','14'),
('14','114','15'),
('14','115','16'),
('14','116','17'),
('14','117','18'),
('14','118','19'),
('14','119','20'),
('14','120','21'),
('14','121','22'),
('14','122','23'),
('14','123','24'),
('14','124','25'),
('14','125','26'),
('14','126','27'),
('14','127','28'),
('14','128','29'),
('14','129','30'),
('14','130','31'),
('14','131','32'),
('14','132','33'),
('15','133','1'),
('15','134','2'),
('15','135','3'),
('15','136','4'),
('15','137','5'),
('15','138','6'),
('15','139','7'),
('15','140','8'),
('15','141','9'),
('15','142','10'),
('15','143','11'),
('15','144','12'),
('15','145','13'),
('15','146','14'),
('15','147','15'),
('15','148','16'),
('15','149','17'),
('15','150','18'),
('15','151','19'),
('15','152','20'),
('15','153','21'),
('15','154','22'),
('15','155','23'),
('15','156','24'),
('15','157','25'),
('15','158','26'),
('15','159','27'),
('15','160','28'),
('15','161','29'),
('15','162','30'),
('15','163','31'),
('15','164','32'),
('15','165','33'),
('16','166','1'),
('16','167','2'),
('16','168','3'),
('16','169','4'),
('16','170','5'),
('16','171','6'),
('16','172','7'),
('16','173','8'),
('16','174','9'),
('16','175','10'),
('16','176','11'),
('16','177','12'),
('16','178','13'),
('16','179','14'),
('16','180','15'),
('16','181','16'),
('16','182','17'),
('16','183','18'),
('16','184','19'),
('16','185','20'),
('16','186','21'),
('16','187','22'),
('16','188','23'),
('16','189','24'),
('16','190','25'),
('16','191','26'),
('16','192','27'),
('16','193','28'),
('16','194','29'),
('16','195','30'),
('16','196','31'),
('16','197','32'),
('16','198','33'),
('17','199','1'),
('17','200','2'),
('17','201','3'),
('17','202','4'),
('17','203','5'),
('17','204','6'),
('17','205','7'),
('17','206','8'),
('17','207','9'),
('17','208','10'),
('17','209','11'),
('17','210','12'),
('17','211','13'),
('17','212','14'),
('17','213','15'),
('17','214','16'),
('17','215','17'),
('17','216','18'),
('17','217','19'),
('17','218','20'),
('17','219','21'),
('17','220','22'),
('17','221','23'),
('17','222','24'),
('17','223','25'),
('17','224','26'),
('17','225','27'),
('17','226','28'),
('17','227','29'),
('17','228','30'),
('17','229','31'),
('17','230','32'),
('17','231','33'),
('18','232','1'),
('18','233','2'),
('18','234','3'),
('18','235','4'),
('18','236','5'),
('18','237','6'),
('18','238','7'),
('18','239','8'),
('18','240','9'),
('18','241','10'),
('18','242','11'),
('18','243','12'),
('18','244','13'),
('18','245','14'),
('18','246','15'),
('18','247','16'),
('18','248','17'),
('18','249','18'),
('18','250','19'),
('18','251','20'),
('18','252','21'),
('18','253','22'),
('18','254','23'),
('18','255','24'),
('18','256','25'),
('18','257','26'),
('18','258','27'),
('18','259','28'),
('18','260','29'),
('18','261','30'),
('18','262','31'),
('18','263','32'),
('18','264','33'),
('19','265','1'),
('19','266','2'),
('19','267','3'),
('19','268','4'),
('19','269','5'),
('19','270','6'),
('19','271','7'),
('19','272','8'),
('19','273','9'),
('19','274','10'),
('19','275','11'),
('19','276','12'),
('19','277','13'),
('19','278','14'),
('19','279','15'),
('19','280','16'),
('19','281','17'),
('19','282','18'),
('19','283','19'),
('19','284','20'),
('19','285','21'),
('19','286','22'),
('19','287','23'),
('19','288','24'),
('19','289','25'),
('19','290','26'),
('19','291','27'),
('19','292','28'),
('19','293','29'),
('19','294','30'),
('19','295','31'),
('19','296','32'),
('19','297','33'),
('20','298','1'),
('20','299','2'),
('20','300','3'),
('20','301','4'),
('20','302','5'),
('20','303','6'),
('20','304','7'),
('20','305','8'),
('20','306','9'),
('20','307','10'),
('20','308','11'),
('20','309','12'),
('20','310','13'),
('20','311','14'),
('20','312','15'),
('20','313','16'),
('20','314','17'),
('20','315','18'),
('20','316','19'),
('20','317','20'),
('20','318','21'),
('20','319','22'),
('20','320','23'),
('20','321','24'),
('20','322','25'),
('20','323','26'),
('20','324','27'),
('20','325','28'),
('20','326','29'),
('20','327','30'),
('20','328','31'),
('20','329','32'),
('20','330','33'),
('21','331','1'),
('21','332','2'),
('21','333','3'),
('21','334','4'),
('21','335','5'),
('21','336','6'),
('21','337','7'),
('21','338','8'),
('21','339','9'),
('21','340','10'),
('21','341','11'),
('21','342','12'),
('21','343','13'),
('21','344','14'),
('21','345','15'),
('21','346','16'),
('21','347','17'),
('21','348','18'),
('21','349','19'),
('21','350','20'),
('21','351','21'),
('21','352','22'),
('21','353','23'),
('21','354','24'),
('21','355','25'),
('21','356','26'),
('21','357','27'),
('21','358','28'),
('21','359','29'),
('21','360','30'),
('21','361','31'),
('21','362','32'),
('21','363','33'),
('22','364','1'),
('22','365','2'),
('22','366','3'),
('22','367','4'),
('22','368','5'),
('22','369','6'),
('22','370','7'),
('22','371','8'),
('22','372','9'),
('22','373','10'),
('22','374','11'),
('22','375','12'),
('22','376','13'),
('22','377','14'),
('22','378','15'),
('22','379','16'),
('22','380','17'),
('22','381','18'),
('22','382','19'),
('22','383','20'),
('22','384','21'),
('22','385','22'),
('22','386','23'),
('22','387','24'),
('22','388','25'),
('22','389','26'),
('22','390','27'),
('22','391','28'),
('22','392','29'),
('22','393','30'),
('22','394','31'),
('22','395','32'),
('22','396','33'),
('23','397','1'),
('23','398','2'),
('23','399','3'),
('23','400','4'),
('23','401','5'),
('23','402','6'),
('23','403','7'),
('23','404','8'),
('23','405','9'),
('23','406','10'),
('23','407','11'),
('23','408','12'),
('23','409','13'),
('23','410','14'),
('23','411','15'),
('23','412','16'),
('23','413','17'),
('23','414','18'),
('23','415','19'),
('23','416','20'),
('23','417','21'),
('23','418','22'),
('23','419','23'),
('23','420','24'),
('23','421','25'),
('23','422','26'),
('23','423','27'),
('23','424','28'),
('23','425','29'),
('23','426','30'),
('23','427','31'),
('23','428','32'),
('23','429','33'),
('24','430','1'),
('24','431','2'),
('24','432','3'),
('24','433','4'),
('24','434','5'),
('24','435','6'),
('24','436','7'),
('24','437','8'),
('24','438','9'),
('24','439','10'),
('24','440','11'),
('24','441','12'),
('24','442','13'),
('24','443','14'),
('24','444','15'),
('24','445','16'),
('24','446','17'),
('24','447','18'),
('24','448','19'),
('24','449','20'),
('24','450','21'),
('24','451','22'),
('24','452','23'),
('24','453','24'),
('24','454','25'),
('24','455','26'),
('24','456','27'),
('24','457','28'),
('24','458','29'),
('24','459','30'),
('24','460','31'),
('24','461','32'),
('24','462','33'),
('25','463','1'),
('25','464','2'),
('25','465','3'),
('25','466','4'),
('25','467','5'),
('25','468','6'),
('25','469','7'),
('25','470','8'),
('25','471','9'),
('25','472','10'),
('25','473','11'),
('25','474','12'),
('25','475','13'),
('25','476','14'),
('25','477','15'),
('25','478','16'),
('25','479','17'),
('25','480','18'),
('25','481','19'),
('25','482','20'),
('25','483','21'),
('25','484','22'),
('25','485','23'),
('25','486','24'),
('25','487','25'),
('25','488','26'),
('25','489','27'),
('25','490','28'),
('25','491','29'),
('25','492','30'),
('25','493','31'),
('25','494','32'),
('25','495','33'),
('26','496','1'),
('26','497','2'),
('26','498','3'),
('26','499','4'),
('26','500','5'),
('26','501','6'),
('26','502','7'),
('26','503','8'),
('26','504','9'),
('26','505','10'),
('26','506','11'),
('26','507','12'),
('26','508','13'),
('26','509','14'),
('26','510','15'),
('26','511','16'),
('26','512','17'),
('26','513','18'),
('26','514','19'),
('26','515','20'),
('26','516','21'),
('26','517','22'),
('26','518','23'),
('26','519','24'),
('26','520','25'),
('26','521','26'),
('26','522','27'),
('26','523','28'),
('26','524','29'),
('26','525','30'),
('26','526','31'),
('27','527','1'),
('27','528','2'),
('27','529','3'),
('27','530','4'),
('27','531','5'),
('27','532','6'),
('27','533','7'),
('27','534','8'),
('27','535','9'),
('27','536','10'),
('27','537','11'),
('27','538','12'),
('27','539','13'),
('27','540','14'),
('27','541','15'),
('27','542','16'),
('27','543','17'),
('27','544','18'),
('27','545','19'),
('27','546','20'),
('27','547','21'),
('27','548','22'),
('27','549','23'),
('27','550','24'),
('27','551','25'),
('27','552','26'),
('27','553','27'),
('25','554','10'),
('25','555','11'),
('25','556','12'),
('25','557','13'),
('23','558','1'),
('23','559','2'),
('23','560','3'),
('23','561','4'),
('23','562','5'),
('23','563','6'),
('23','564','7'),
('23','565','8'),
('23','566','9'),
('23','567','10'),
('23','568','11'),
('23','569','12'),
('23','570','13'),
('22','571','2'),
('22','572','3'),
('22','573','4'),
('22','574','5'),
('22','575','6'),
('22','576','7'),
('22','577','8'),
('22','578','9'),
('22','579','10'),
('22','580','11'),
('22','581','12'),
('22','582','13'),
('21','583','3'),
('21','584','4'),
('21','585','5'),
('21','586','6'),
('21','587','7'),
('21','588','8'),
('21','589','9'),
('21','590','10'),
('21','591','11'),
('21','592','12'),
('20','593','3'),
('20','594','4'),
('20','595','5'),
('20','596','6'),
('20','597','7'),
('20','598','8'),
('20','599','9'),
('20','600','10'),
('20','601','11'),
('20','602','12'),
('19','603','4'),
('19','604','5'),
('19','605','6'),
('19','606','7'),
('19','607','8'),
('19','608','9'),
('19','609','10'),
('19','610','11'),
('19','611','12'),
('18','612','4'),
('18','613','5'),
('18','614','6'),
('18','615','7'),
('18','616','8'),
('18','617','9'),
('18','618','10'),
('18','619','11'),
('18','620','12'),
('17','621','5'),
('17','622','6'),
('17','623','7'),
('17','624','8'),
('17','625','9'),
('17','626','10'),
('17','627','11'),
('16','628','6'),
('16','629','7'),
('16','630','8'),
('16','631','9'),
('16','632','10'),
('16','633','11'),
('15','634','7'),
('15','635','8'),
('15','636','9'),
('15','637','10'),
('15','638','11'),
('14','639','7'),
('14','640','8'),
('14','641','9'),
('14','642','10'),
('13','643','9'),
('13','644','10'),
('12','645','9'),
('12','646','10'),
('11','647','9'),
('11','648','10'),
('25','649','1'),
('25','650','2'),
('25','651','3'),
('25','652','4'),
('23','653','1'),
('23','654','2'),
('23','655','3'),
('23','656','4'),
('23','657','5'),
('23','658','6'),
('23','659','7'),
('23','660','8'),
('23','661','9'),
('23','662','10'),
('23','663','11'),
('23','664','12'),
('23','665','13'),
('22','666','1'),
('22','667','2'),
('22','668','3'),
('22','669','4'),
('22','670','5'),
('22','671','6'),
('22','672','7'),
('22','673','8'),
('22','674','9'),
('22','675','10'),
('22','676','11'),
('22','677','12'),
('21','678','2'),
('21','679','3'),
('21','680','4'),
('21','681','5'),
('21','682','6'),
('21','683','7'),
('21','684','8'),
('21','685','9'),
('21','686','10'),
('21','687','11'),
('20','688','2'),
('20','689','3'),
('20','690','4'),
('20','691','5'),
('20','692','6'),
('20','693','7'),
('20','694','8'),
('20','695','9'),
('20','696','10'),
('20','697','11'),
('19','698','2'),
('19','699','3'),
('19','700','4'),
('19','701','5'),
('19','702','6'),
('19','703','7'),
('19','704','8'),
('19','705','9'),
('19','706','10'),
('18','707','2'),
('18','708','3'),
('18','709','4'),
('18','710','5'),
('18','711','6'),
('18','712','7'),
('18','713','8'),
('18','714','9'),
('18','715','10'),
('17','716','3'),
('17','717','4'),
('17','718','5'),
('17','719','6'),
('17','720','7'),
('17','721','8'),
('17','722','9'),
('16','723','3'),
('16','724','4'),
('16','725','5'),
('16','726','6'),
('16','727','7'),
('16','728','8'),
('15','729','3'),
('15','730','4'),
('15','731','5'),
('15','732','6'),
('15','733','7'),
('14','734','4'),
('14','735','5'),
('14','736','6'),
('14','737','7'),
('13','738','4'),
('13','739','5'),
('12','740','4'),
('12','741','5'),
('11','742','4'),
('11','743','5'),
('27','744','1'),
('27','745','2'),
('27','746','3'),
('27','747','4'),
('27','748','7'),
('27','749','8'),
('27','750','9'),
('27','751','10'),
('26','752','1'),
('26','753','2'),
('26','754','3'),
('26','755','4'),
('26','756','7'),
('26','757','8'),
('26','758','9'),
('26','759','10'),
('26','760','11'),
('26','761','12'),
('26','762','13'),
('26','763','14'),
('26','764','15'),
('26','765','16'),
('26','766','17'),
('25','767','1'),
('25','768','2'),
('25','769','3'),
('25','770','4'),
('25','771','7'),
('25','772','8'),
('25','773','9'),
('25','774','10'),
('25','775','11'),
('25','776','12'),
('25','777','13'),
('25','778','14'),
('25','779','15'),
('25','780','16'),
('25','781','17'),
('24','782','1'),
('24','783','2'),
('24','784','3'),
('24','785','4'),
('24','786','5'),
('24','787','7'),
('24','788','8'),
('24','789','9'),
('24','790','10'),
('24','791','11'),
('24','792','12'),
('24','793','13'),
('24','794','14'),
('24','795','15'),
('24','796','16'),
('24','797','17'),
('23','798','2'),
('23','799','3'),
('23','800','4'),
('23','801','5'),
('23','802','6'),
('23','803','7'),
('23','804','8'),
('23','805','9'),
('23','806','10'),
('23','807','11'),
('23','808','12'),
('23','809','13'),
('23','810','14'),
('23','811','15'),
('23','812','16'),
('23','813','17'),
('22','814','3'),
('22','815','4'),
('22','816','5'),
('22','817','6'),
('22','818','7'),
('22','819','8'),
('22','820','9'),
('22','821','10'),
('22','822','11'),
('22','823','12'),
('22','824','13'),
('22','825','14'),
('22','826','15'),
('22','827','16'),
('22','828','17'),
('21','829','3'),
('21','830','4'),
('21','831','5'),
('21','832','6'),
('21','833','7'),
('21','834','8'),
('21','835','9'),
('21','836','10'),
('21','837','11'),
('21','838','12'),
('21','839','13'),
('21','840','14'),
('21','841','15'),
('21','842','16'),
('21','843','17'),
('20','844','4'),
('20','845','5'),
('20','846','6'),
('20','847','7'),
('20','848','8'),
('20','849','9'),
('20','850','10'),
('20','851','11'),
('20','852','12'),
('20','853','13'),
('20','854','14'),
('20','855','15'),
('20','856','16'),
('20','857','17'),
('19','858','5'),
('19','859','6'),
('19','860','7'),
('19','861','8'),
('19','862','9'),
('19','863','10'),
('19','864','11'),
('19','865','12'),
('19','866','13'),
('19','867','14'),
('19','868','15'),
('19','869','16'),
('19','870','17'),
('18','871','6'),
('18','872','7'),
('18','873','8'),
('18','874','9'),
('18','875','10'),
('18','876','11'),
('18','877','12'),
('18','878','13'),
('18','879','14'),
('18','880','15'),
('18','881','16'),
('18','882','17'),
('17','883','6'),
('17','884','7'),
('17','885','8'),
('17','886','9'),
('17','887','10'),
('17','888','11'),
('17','889','12'),
('17','890','13'),
('17','891','14'),
('17','892','15'),
('17','893','16'),
('17','894','17'),
('17','895','18'),
('17','896','19'),
('16','897','6'),
('16','898','7'),
('16','899','8'),
('16','900','9'),
('16','901','10'),
('16','902','11'),
('16','903','12'),
('16','904','13'),
('16','905','14'),
('16','906','15'),
('16','907','16'),
('16','908','17'),
('16','909','18'),
('16','910','19'),
('15','911','7'),
('15','912','8'),
('15','913','9'),
('15','914','10'),
('15','915','11'),
('15','916','12'),
('15','917','13'),
('15','918','14'),
('15','919','15'),
('15','920','16'),
('15','921','17'),
('15','922','18'),
('15','923','19'),
('14','924','8'),
('14','925','9'),
('14','926','10'),
('14','927','11'),
('14','928','12'),
('14','929','13'),
('14','930','14'),
('14','931','15'),
('14','932','16'),
('14','933','17'),
('14','934','18'),
('14','935','19'),
('13','936','8'),
('13','937','9'),
('13','938','10'),
('13','939','11'),
('13','940','12'),
('13','941','13'),
('13','942','14'),
('13','943','15'),
('13','944','16'),
('13','945','17'),
('13','946','18'),
('13','947','19'),
('12','948','9'),
('12','949','10'),
('12','950','11'),
('12','951','12'),
('12','952','13'),
('12','953','14'),
('12','954','15'),
('12','955','16'),
('12','956','17'),
('12','957','18'),
('12','958','19'),
('11','959','10'),
('11','960','11'),
('11','961','12'),
('11','962','13'),
('11','963','14'),
('11','964','15'),
('11','965','16'),
('11','966','17'),
('11','967','18'),
('11','968','19'),
('27','969','10'),
('27','970','11'),
('27','971','12'),
('27','972','13'),
('27','973','17'),
('27','974','18'),
('27','975','19'),
('27','976','20'),
('26','977','3'),
('26','978','4'),
('26','979','5'),
('26','980','6'),
('26','981','7'),
('26','982','8'),
('26','983','9'),
('26','984','10'),
('26','985','11'),
('26','986','12'),
('26','987','13'),
('26','988','17'),
('26','989','18'),
('26','990','19'),
('26','991','20'),
('25','992','3'),
('25','993','4'),
('25','994','5'),
('25','995','6'),
('25','996','7'),
('25','997','8'),
('25','998','9'),
('25','999','10'),
('25','1000','11'),
('25','1001','12'),
('25','1002','13'),
('25','1003','17'),
('25','1004','18'),
('25','1005','19'),
('25','1006','20'),
('24','1007','3'),
('24','1008','4'),
('24','1009','5'),
('24','1010','6'),
('24','1011','7'),
('24','1012','8'),
('24','1013','9'),
('24','1014','10'),
('24','1015','11'),
('24','1016','12'),
('24','1017','13'),
('24','1018','15'),
('24','1019','16'),
('24','1020','17'),
('24','1021','18'),
('24','1022','19'),
('23','1023','3'),
('23','1024','4'),
('23','1025','5'),
('23','1026','6'),
('23','1027','7'),
('23','1028','8'),
('23','1029','9'),
('23','1030','10'),
('23','1031','11'),
('23','1032','12'),
('23','1033','13'),
('23','1034','14'),
('23','1035','15'),
('23','1036','16'),
('23','1037','17'),
('23','1038','18'),
('22','1039','3'),
('22','1040','4'),
('22','1041','5'),
('22','1042','6'),
('22','1043','7'),
('22','1044','8'),
('22','1045','9'),
('22','1046','10'),
('22','1047','11'),
('22','1048','12'),
('22','1049','13'),
('22','1050','14'),
('22','1051','15'),
('22','1052','16'),
('22','1053','17'),
('21','1054','3'),
('21','1055','4'),
('21','1056','5'),
('21','1057','6'),
('21','1058','7'),
('21','1059','8'),
('21','1060','9'),
('21','1061','10'),
('21','1062','11'),
('21','1063','12'),
('21','1064','13'),
('21','1065','14'),
('21','1066','15'),
('21','1067','16'),
('21','1068','17'),
('20','1069','3'),
('20','1070','4'),
('20','1071','5'),
('20','1072','6'),
('20','1073','7'),
('20','1074','8'),
('20','1075','9'),
('20','1076','10'),
('20','1077','11'),
('20','1078','12'),
('20','1079','13'),
('20','1080','14'),
('20','1081','15'),
('20','1082','16'),
('19','1083','3'),
('19','1084','4'),
('19','1085','5'),
('19','1086','6'),
('19','1087','7'),
('19','1088','8'),
('19','1089','9'),
('19','1090','10'),
('19','1091','11'),
('19','1092','12'),
('19','1093','13'),
('19','1094','14'),
('19','1095','15'),
('18','1096','3'),
('18','1097','4'),
('18','1098','5'),
('18','1099','6'),
('18','1100','7'),
('18','1101','8'),
('18','1102','9'),
('18','1103','10'),
('18','1104','11'),
('18','1105','12'),
('18','1106','13'),
('18','1107','14'),
('17','1108','1'),
('17','1109','2'),
('17','1110','3'),
('17','1111','4'),
('17','1112','5'),
('17','1113','6'),
('17','1114','7'),
('17','1115','8'),
('17','1116','9'),
('17','1117','10'),
('17','1118','11'),
('17','1119','12'),
('17','1120','13'),
('17','1121','14'),
('16','1122','1'),
('16','1123','2'),
('16','1124','3'),
('16','1125','4'),
('16','1126','5'),
('16','1127','6'),
('16','1128','7'),
('16','1129','8'),
('16','1130','9'),
('16','1131','10'),
('16','1132','11'),
('16','1133','12'),
('16','1134','13'),
('16','1135','14'),
('15','1136','1'),
('15','1137','2'),
('15','1138','3'),
('15','1139','4'),
('15','1140','5'),
('15','1141','6'),
('15','1142','7'),
('15','1143','8'),
('15','1144','9'),
('15','1145','10'),
('15','1146','11'),
('15','1147','12'),
('15','1148','13'),
('14','1149','1'),
('14','1150','2'),
('14','1151','3'),
('14','1152','4'),
('14','1153','5'),
('14','1154','6'),
('14','1155','7'),
('14','1156','8'),
('14','1157','9'),
('14','1158','10'),
('14','1159','11'),
('14','1160','12'),
('13','1161','1'),
('13','1162','2'),
('13','1163','3'),
('13','1164','4'),
('13','1165','5'),
('13','1166','6'),
('13','1167','7'),
('13','1168','8'),
('13','1169','9'),
('13','1170','10'),
('13','1171','11'),
('13','1172','12'),
('12','1173','1'),
('12','1174','2'),
('12','1175','3'),
('12','1176','4'),
('12','1177','5'),
('12','1178','6'),
('12','1179','7'),
('12','1180','8'),
('12','1181','9'),
('12','1182','10'),
('12','1183','11'),
('11','1184','1'),
('11','1185','2'),
('11','1186','3'),
('11','1187','4'),
('11','1188','5'),
('11','1189','6'),
('11','1190','7'),
('11','1191','8'),
('11','1192','9'),
('11','1193','9'),
('37','1194','1'),
('37','1195','2'),
('37','1196','3'),
('37','1197','4'),
('37','1198','5'),
('37','1199','6'),
('37','1200','7'),
('37','1201','8'),
('37','1202','9'),
('37','1203','10'),
('37','1204','11'),
('37','1205','12'),
('37','1206','13'),
('37','1207','14'),
('37','1208','15'),
('37','1209','16'),
('37','1210','17'),
('37','1211','18'),
('37','1212','19'),
('37','1213','20'),
('37','1214','21'),
('37','1215','22'),
('36','1216','1'),
('36','1217','2'),
('36','1218','3'),
('36','1219','4'),
('36','1220','5'),
('36','1221','6'),
('36','1222','7'),
('36','1223','8'),
('36','1224','9'),
('36','1225','10'),
('36','1226','11'),
('36','1227','12'),
('36','1228','13'),
('36','1229','14'),
('36','1230','15'),
('36','1231','16'),
('36','1232','17'),
('36','1233','18'),
('36','1234','19'),
('36','1235','20'),
('36','1236','21'),
('36','1237','22'),
('35','1238','1'),
('35','1239','2'),
('35','1240','3'),
('35','1241','4'),
('35','1242','5'),
('35','1243','6'),
('35','1244','7'),
('35','1245','8'),
('35','1246','9'),
('35','1247','10'),
('35','1248','11'),
('35','1249','12'),
('35','1250','13'),
('35','1251','14'),
('35','1252','15'),
('35','1253','16'),
('35','1254','17'),
('35','1255','18'),
('35','1256','19'),
('35','1257','20'),
('35','1258','21'),
('35','1259','22'),
('34','1260','1'),
('34','1261','2'),
('34','1262','3'),
('34','1263','4'),
('34','1264','5'),
('34','1265','6'),
('34','1266','7'),
('34','1267','8'),
('34','1268','9'),
('34','1269','10'),
('34','1270','11'),
('34','1271','12'),
('34','1272','13'),
('34','1273','14'),
('34','1274','15'),
('34','1275','16'),
('34','1276','17'),
('34','1277','18'),
('34','1278','19'),
('34','1279','20'),
('34','1280','21'),
('33','1281','1'),
('33','1282','2'),
('33','1283','3'),
('33','1284','4'),
('33','1285','5'),
('33','1286','6'),
('33','1287','7'),
('33','1288','8'),
('33','1289','9'),
('33','1290','10'),
('33','1291','11'),
('33','1292','12'),
('33','1293','13'),
('33','1294','14'),
('32','1295','1'),
('32','1296','2'),
('32','1297','3'),
('32','1298','4'),
('32','1299','5'),
('32','1300','6'),
('32','1301','7'),
('32','1302','8'),
('31','1303','1'),
('31','1304','2'),
('31','1305','3'),
('37','1306','1'),
('37','1307','2'),
('37','1308','3'),
('37','1309','4'),
('37','1310','5'),
('37','1311','6'),
('37','1312','7'),
('37','1313','8'),
('37','1314','9'),
('37','1315','10'),
('37','1316','11'),
('37','1317','12'),
('37','1318','13'),
('37','1319','14'),
('37','1320','15'),
('37','1321','16'),
('37','1322','17'),
('37','1323','18'),
('37','1324','19'),
('37','1325','20'),
('37','1326','21'),
('37','1327','22'),
('36','1328','1'),
('36','1329','2'),
('36','1330','3'),
('36','1331','4'),
('36','1332','5'),
('36','1333','6'),
('36','1334','7'),
('36','1335','8'),
('36','1336','9'),
('36','1337','10'),
('36','1338','11'),
('36','1339','12'),
('36','1340','13'),
('36','1341','14'),
('36','1342','15'),
('36','1343','16'),
('36','1344','17'),
('36','1345','18'),
('36','1346','19'),
('36','1347','20'),
('36','1348','21'),
('36','1349','22'),
('35','1350','1'),
('35','1351','2'),
('35','1352','3'),
('35','1353','4'),
('35','1354','5'),
('35','1355','6'),
('35','1356','7'),
('35','1357','8'),
('35','1358','9'),
('35','1359','10'),
('35','1360','11'),
('35','1361','12'),
('35','1362','13'),
('35','1363','14'),
('35','1364','15'),
('35','1365','16'),
('35','1366','17'),
('35','1367','18'),
('35','1368','19'),
('35','1369','20'),
('35','1370','21'),
('35','1371','22'),
('34','1372','2'),
('34','1373','3'),
('34','1374','4'),
('34','1375','5'),
('34','1376','6'),
('34','1377','7'),
('34','1378','8'),
('34','1379','9'),
('34','1380','10'),
('34','1381','11'),
('34','1382','12'),
('34','1383','13'),
('34','1384','14'),
('34','1385','15'),
('34','1386','16'),
('34','1387','17'),
('34','1388','18'),
('34','1389','19'),
('34','1390','20'),
('34','1391','21'),
('34','1392','22'),
('33','1393','9'),
('33','1394','10'),
('33','1395','11'),
('33','1396','12'),
('33','1397','13'),
('33','1398','14'),
('33','1399','15'),
('33','1400','16'),
('33','1401','17'),
('33','1402','18'),
('33','1403','19'),
('33','1404','20'),
('33','1405','21'),
('33','1406','22'),
('32','1407','15'),
('32','1408','16'),
('32','1409','17'),
('32','1410','18'),
('32','1411','19'),
('32','1412','20'),
('32','1413','21'),
('32','1414','22'),
('31','1415','20'),
('31','1416','21'),
('31','1417','22'),
('52','1418','1'),
('52','1419','2'),
('52','1420','3'),
('52','1421','4'),
('52','1422','5'),
('52','1423','6'),
('52','1424','7'),
('52','1425','8'),
('52','1426','9'),
('52','1427','10'),
('52','1428','11'),
('52','1429','12'),
('52','1430','13'),
('52','1431','14'),
('52','1432','15'),
('52','1433','16'),
('52','1434','17'),
('52','1435','18'),
('52','1436','19'),
('52','1437','20'),
('52','1438','21'),
('52','1439','22'),
('52','1440','23'),
('52','1441','24'),
('52','1442','25'),
('52','1443','26'),
('52','1444','27'),
('52','1445','28'),
('52','1446','29'),
('52','1447','30'),
('52','1448','31'),
('52','1449','32'),
('52','1450','33'),
('52','1451','34'),
('52','1452','35'),
('52','1453','36'),
('51','1454','1'),
('51','1455','2'),
('51','1456','3'),
('51','1457','4'),
('51','1458','5'),
('51','1459','6'),
('51','1460','7'),
('51','1461','8'),
('51','1462','9'),
('51','1463','10'),
('51','1464','11'),
('51','1465','12'),
('51','1466','13'),
('51','1467','14'),
('51','1468','15'),
('51','1469','16'),
('51','1470','17'),
('51','1471','18'),
('51','1472','19'),
('51','1473','20'),
('51','1474','21'),
('51','1475','22'),
('51','1476','23'),
('51','1477','24'),
('51','1478','25'),
('51','1479','26'),
('51','1480','27'),
('51','1481','28'),
('51','1482','29'),
('51','1483','30'),
('51','1484','31'),
('51','1485','32'),
('51','1486','33'),
('51','1487','34'),
('51','1488','35'),
('51','1489','36'),
('50','1490','1'),
('50','1491','2'),
('50','1492','3'),
('50','1493','4'),
('50','1494','5'),
('50','1495','6'),
('50','1496','7'),
('50','1497','8'),
('50','1498','9'),
('50','1499','10'),
('50','1500','11'),
('50','1501','12'),
('50','1502','13'),
('50','1503','14'),
('50','1504','15'),
('50','1505','16'),
('50','1506','17'),
('50','1507','18'),
('50','1508','19'),
('50','1509','20'),
('50','1510','21'),
('50','1511','22'),
('50','1512','23'),
('50','1513','24'),
('50','1514','25'),
('50','1515','26'),
('50','1516','27'),
('50','1517','28'),
('50','1518','29'),
('50','1519','30'),
('50','1520','31'),
('50','1521','32'),
('50','1522','33'),
('50','1523','34'),
('50','1524','35'),
('50','1525','36'),
('49','1526','1'),
('49','1527','2'),
('49','1528','3'),
('49','1529','4'),
('49','1530','5'),
('49','1531','6'),
('49','1532','7'),
('49','1533','8'),
('49','1534','9'),
('49','1535','10'),
('49','1536','11'),
('49','1537','12'),
('49','1538','13'),
('49','1539','14'),
('49','1540','15'),
('49','1541','16'),
('49','1542','17'),
('49','1543','18'),
('49','1544','19'),
('49','1545','20'),
('49','1546','21'),
('49','1547','22'),
('49','1548','23'),
('49','1549','24'),
('49','1550','25'),
('49','1551','26'),
('49','1552','27'),
('49','1553','28'),
('49','1554','29'),
('49','1555','30'),
('49','1556','31'),
('49','1557','32'),
('49','1558','33'),
('49','1559','34'),
('49','1560','35'),
('49','1561','36'),
('48','1562','1'),
('48','1563','2'),
('48','1564','3'),
('48','1565','4'),
('48','1566','5'),
('48','1567','6'),
('48','1568','7'),
('48','1569','8'),
('48','1570','9'),
('48','1571','10'),
('48','1572','11'),
('48','1573','12'),
('48','1574','13'),
('48','1575','14'),
('48','1576','15'),
('48','1577','16'),
('48','1578','17'),
('48','1579','18'),
('48','1580','19'),
('48','1581','20'),
('48','1582','21'),
('48','1583','22'),
('48','1584','23'),
('48','1585','24'),
('48','1586','25'),
('48','1587','26'),
('48','1588','27'),
('48','1589','28'),
('48','1590','29'),
('48','1591','30'),
('48','1592','31'),
('48','1593','32'),
('48','1594','33'),
('48','1595','34'),
('48','1596','35'),
('48','1597','36'),
('47','1598','1'),
('47','1599','2'),
('47','1600','3'),
('47','1601','4'),
('47','1602','5'),
('47','1603','6'),
('47','1604','7'),
('47','1605','8'),
('47','1606','9'),
('47','1607','10'),
('47','1608','11'),
('47','1609','12'),
('47','1610','13'),
('47','1611','14'),
('47','1612','15'),
('47','1613','16'),
('47','1614','17'),
('47','1615','18'),
('47','1616','19'),
('47','1617','20'),
('47','1618','21'),
('47','1619','22'),
('47','1620','23'),
('47','1621','24'),
('47','1622','25'),
('47','1623','26'),
('47','1624','27'),
('47','1625','28'),
('47','1626','29'),
('47','1627','30'),
('47','1628','31'),
('47','1629','32'),
('47','1630','33'),
('47','1631','34'),
('47','1632','35'),
('47','1633','36'),
('46','1634','1'),
('46','1635','2'),
('46','1636','3'),
('46','1637','4'),
('46','1638','5'),
('46','1639','6'),
('46','1640','7'),
('46','1641','8'),
('46','1642','9'),
('46','1643','10'),
('46','1644','11'),
('46','1645','12'),
('46','1646','13'),
('46','1647','14'),
('46','1648','15'),
('46','1649','16'),
('46','1650','17'),
('46','1651','18'),
('46','1652','19'),
('46','1653','20'),
('46','1654','21'),
('46','1655','22'),
('46','1656','23'),
('46','1657','24'),
('46','1658','25'),
('46','1659','26'),
('46','1660','27'),
('46','1661','28'),
('46','1662','29'),
('46','1663','30'),
('46','1664','31'),
('46','1665','32'),
('46','1666','33'),
('46','1667','34'),
('46','1668','35'),
('46','1669','36'),
('45','1670','1'),
('45','1671','2'),
('45','1672','3'),
('45','1673','4'),
('45','1674','5'),
('45','1675','6'),
('45','1676','7'),
('45','1677','8'),
('45','1678','9'),
('45','1679','10'),
('45','1680','11'),
('45','1681','12'),
('45','1682','13'),
('45','1683','14'),
('45','1684','15'),
('45','1685','16'),
('45','1686','17'),
('45','1687','18'),
('45','1688','19'),
('45','1689','20'),
('45','1690','21'),
('45','1691','22'),
('45','1692','23'),
('45','1693','24'),
('45','1694','25'),
('45','1695','26'),
('45','1696','27'),
('45','1697','28'),
('45','1698','29'),
('45','1699','30'),
('45','1700','31'),
('45','1701','32'),
('45','1702','33'),
('45','1703','34'),
('45','1704','35'),
('45','1705','36'),
('44','1706','1'),
('44','1707','2'),
('44','1708','3'),
('44','1709','4'),
('44','1710','5'),
('44','1711','6'),
('44','1712','7'),
('44','1713','8'),
('44','1714','9'),
('44','1715','10'),
('44','1716','11'),
('44','1717','12'),
('44','1718','13'),
('44','1719','14'),
('44','1720','15'),
('44','1721','16'),
('44','1722','17'),
('44','1723','18'),
('44','1724','19'),
('44','1725','20'),
('44','1726','21'),
('44','1727','22'),
('44','1728','23'),
('44','1729','24'),
('44','1730','25'),
('44','1731','26'),
('44','1732','27'),
('44','1733','28'),
('44','1734','29'),
('44','1735','30'),
('44','1736','31'),
('44','1737','32'),
('44','1738','33'),
('44','1739','34'),
('44','1740','35'),
('44','1741','36'),
('43','1742','1'),
('43','1743','2'),
('43','1744','3'),
('43','1745','4'),
('43','1746','5'),
('43','1747','6'),
('43','1748','7'),
('43','1749','8'),
('43','1750','9'),
('43','1751','10'),
('43','1752','11'),
('43','1753','12'),
('43','1754','13'),
('43','1755','14'),
('43','1756','15'),
('43','1757','16'),
('43','1758','17'),
('43','1759','18'),
('43','1760','19'),
('43','1761','20'),
('43','1762','21'),
('43','1763','22'),
('43','1764','23'),
('43','1765','24'),
('43','1766','25'),
('43','1767','26'),
('43','1768','27'),
('43','1769','28'),
('43','1770','29'),
('43','1771','30'),
('43','1772','31'),
('43','1773','32'),
('43','1774','33'),
('43','1775','34'),
('43','1776','35'),
('43','1777','36'),
('42','1778','1'),
('42','1779','2'),
('42','1780','3'),
('42','1781','4'),
('42','1782','5'),
('42','1783','6'),
('42','1784','7'),
('42','1785','8'),
('42','1786','9'),
('42','1787','10'),
('42','1788','11'),
('42','1789','12'),
('42','1790','13'),
('42','1791','14'),
('42','1792','15'),
('42','1793','16'),
('42','1794','17'),
('42','1795','18'),
('42','1796','19'),
('42','1797','20'),
('42','1798','21'),
('42','1799','22'),
('42','1800','23'),
('42','1801','24'),
('42','1802','25'),
('42','1803','26'),
('42','1804','27'),
('42','1805','28'),
('42','1806','29'),
('42','1807','30'),
('42','1808','31'),
('42','1809','32'),
('42','1810','33'),
('42','1811','34'),
('42','1812','35'),
('42','1813','36'),
('41','1814','1'),
('41','1815','2'),
('41','1816','3'),
('41','1817','4'),
('41','1818','5'),
('41','1819','6'),
('41','1820','7'),
('41','1821','8'),
('41','1822','9'),
('41','1823','10'),
('41','1824','11'),
('41','1825','12'),
('41','1826','13'),
('41','1827','14'),
('41','1828','15'),
('41','1829','20'),
('41','1830','21'),
('41','1831','22'),
('41','1832','23'),
('41','1833','24'),
('41','1834','25'),
('41','1835','26'),
('41','1836','27'),
('41','1837','28'),
('41','1838','29'),
('41','1839','30'),
('41','1840','31'),
('41','1841','32'),
('41','1842','33'),
('41','1843','34'),
('41','1844','35'),
('41','1845','36'),
('52','1846','1'),
('52','1847','2'),
('52','1848','3'),
('52','1849','4'),
('52','1850','5'),
('52','1851','6'),
('52','1852','7'),
('52','1853','8'),
('52','1854','9'),
('52','1855','10'),
('52','1856','11'),
('52','1857','12'),
('52','1858','13'),
('52','1859','14'),
('52','1860','15'),
('52','1861','16'),
('52','1862','17'),
('52','1863','18'),
('52','1864','19'),
('52','1865','20'),
('52','1866','21'),
('52','1867','22'),
('52','1868','23'),
('52','1869','24'),
('52','1870','25'),
('52','1871','26'),
('52','1872','27'),
('52','1873','28'),
('52','1874','29'),
('52','1875','30'),
('52','1876','31'),
('52','1877','32'),
('52','1878','33'),
('52','1879','34'),
('52','1880','35'),
('52','1881','36'),
('51','1882','1'),
('51','1883','2'),
('51','1884','3'),
('51','1885','4'),
('51','1886','5'),
('51','1887','6'),
('51','1888','7'),
('51','1889','8'),
('51','1890','9'),
('51','1891','10'),
('51','1892','11'),
('51','1893','12'),
('51','1894','13'),
('51','1895','14'),
('51','1896','15'),
('51','1897','16'),
('51','1898','17'),
('51','1899','18'),
('51','1900','19'),
('51','1901','20'),
('51','1902','21'),
('51','1903','22'),
('51','1904','23'),
('51','1905','24'),
('51','1906','25'),
('51','1907','26'),
('51','1908','27'),
('51','1909','28'),
('51','1910','29'),
('51','1911','30'),
('51','1912','31'),
('51','1913','32'),
('51','1914','33'),
('51','1915','34'),
('51','1916','35'),
('51','1917','36'),
('50','1918','1'),
('50','1919','2'),
('50','1920','3'),
('50','1921','4'),
('50','1922','5'),
('50','1923','6'),
('50','1924','7'),
('50','1925','8'),
('50','1926','9'),
('50','1927','10'),
('50','1928','11'),
('50','1929','12'),
('50','1930','13'),
('50','1931','14'),
('50','1932','15'),
('50','1933','16'),
('50','1934','17'),
('50','1935','18'),
('50','1936','19'),
('50','1937','20'),
('50','1938','21'),
('50','1939','22'),
('50','1940','23'),
('50','1941','24'),
('50','1942','25'),
('50','1943','26'),
('50','1944','27'),
('50','1945','28'),
('50','1946','29'),
('50','1947','30'),
('50','1948','31'),
('50','1949','32'),
('50','1950','33'),
('50','1951','34'),
('50','1952','35'),
('50','1953','36'),
('49','1954','1'),
('49','1955','2'),
('49','1956','3'),
('49','1957','4'),
('49','1958','5'),
('49','1959','6'),
('49','1960','7'),
('49','1961','8'),
('49','1962','9'),
('49','1963','10'),
('49','1964','11'),
('49','1965','12'),
('49','1966','13'),
('49','1967','14'),
('49','1968','15'),
('49','1969','16'),
('49','1970','17'),
('49','1971','18'),
('49','1972','19'),
('49','1973','20'),
('49','1974','21'),
('49','1975','22'),
('49','1976','23'),
('49','1977','24'),
('49','1978','25'),
('49','1979','26'),
('49','1980','27'),
('49','1981','28'),
('49','1982','29'),
('49','1983','30'),
('49','1984','31'),
('49','1985','32'),
('49','1986','33'),
('49','1987','34'),
('49','1988','35'),
('49','1989','36'),
('48','1990','1'),
('48','1991','2'),
('48','1992','3'),
('48','1993','4'),
('48','1994','5'),
('48','1995','6'),
('48','1996','7'),
('48','1997','8'),
('48','1998','9'),
('48','1999','10'),
('48','2000','11'),
('48','2001','12'),
('48','2002','13'),
('48','2003','14'),
('48','2004','15'),
('48','2005','16'),
('48','2006','17'),
('48','2007','18'),
('48','2008','19'),
('48','2009','20'),
('48','2010','21'),
('48','2011','22'),
('48','2012','23'),
('48','2013','24'),
('48','2014','25'),
('48','2015','26'),
('48','2016','27'),
('48','2017','28'),
('48','2018','29'),
('48','2019','30'),
('48','2020','31'),
('48','2021','32'),
('48','2022','33'),
('48','2023','34'),
('48','2024','35'),
('48','2025','36'),
('47','2026','1'),
('47','2027','2'),
('47','2028','3'),
('47','2029','4'),
('47','2030','5'),
('47','2031','6'),
('47','2032','7'),
('47','2033','8'),
('47','2034','9'),
('47','2035','10'),
('47','2036','11'),
('47','2037','12'),
('47','2038','13'),
('47','2039','14'),
('47','2040','15'),
('47','2041','16'),
('47','2042','17'),
('47','2043','18'),
('47','2044','19'),
('47','2045','20'),
('47','2046','21'),
('47','2047','22'),
('47','2048','23'),
('47','2049','24'),
('47','2050','25'),
('47','2051','26'),
('47','2052','27'),
('47','2053','28'),
('47','2054','29'),
('47','2055','30'),
('47','2056','31'),
('47','2057','32'),
('47','2058','33'),
('47','2059','34'),
('47','2060','35'),
('47','2061','36'),
('46','2062','1'),
('46','2063','2'),
('46','2064','3'),
('46','2065','4'),
('46','2066','5'),
('46','2067','6'),
('46','2068','7'),
('46','2069','8'),
('46','2070','9'),
('46','2071','10'),
('46','2072','11'),
('46','2073','12'),
('46','2074','13'),
('46','2075','14'),
('46','2076','15'),
('46','2077','16'),
('46','2078','17'),
('46','2079','18'),
('46','2080','19'),
('46','2081','20'),
('46','2082','21'),
('46','2083','22'),
('46','2084','23'),
('46','2085','24'),
('46','2086','25'),
('46','2087','26'),
('46','2088','27'),
('46','2089','28'),
('46','2090','29'),
('46','2091','30'),
('46','2092','31'),
('46','2093','32'),
('46','2094','33'),
('46','2095','34'),
('46','2096','35'),
('46','2097','36'),
('45','2098','1'),
('45','2099','2'),
('45','2100','3'),
('45','2101','4'),
('45','2102','5'),
('45','2103','6'),
('45','2104','7'),
('45','2105','8'),
('45','2106','9'),
('45','2107','10'),
('45','2108','11'),
('45','2109','12'),
('45','2110','13'),
('45','2111','14'),
('45','2112','15'),
('45','2113','16'),
('45','2114','17'),
('45','2115','18'),
('45','2116','19'),
('45','2117','20'),
('45','2118','21'),
('45','2119','22'),
('45','2120','23'),
('45','2121','24'),
('45','2122','25'),
('45','2123','26'),
('45','2124','27'),
('45','2125','28'),
('45','2126','29'),
('45','2127','30'),
('45','2128','31'),
('45','2129','32'),
('45','2130','33'),
('45','2131','34'),
('45','2132','35'),
('45','2133','36'),
('44','2134','1'),
('44','2135','2'),
('44','2136','3'),
('44','2137','4'),
('44','2138','5'),
('44','2139','6'),
('44','2140','7'),
('44','2141','8'),
('44','2142','9'),
('44','2143','10'),
('44','2144','11'),
('44','2145','12'),
('44','2146','13'),
('44','2147','14'),
('44','2148','15'),
('44','2149','16'),
('44','2150','17'),
('44','2151','18'),
('44','2152','19'),
('44','2153','20'),
('44','2154','21'),
('44','2155','22'),
('44','2156','23'),
('44','2157','24'),
('44','2158','25'),
('44','2159','26'),
('44','2160','27'),
('44','2161','28'),
('44','2162','29'),
('44','2163','30'),
('44','2164','31'),
('44','2165','32'),
('44','2166','33'),
('44','2167','34'),
('44','2168','35'),
('44','2169','36'),
('43','2170','1'),
('43','2171','2'),
('43','2172','3'),
('43','2173','4'),
('43','2174','5'),
('43','2175','6'),
('43','2176','7'),
('43','2177','8'),
('43','2178','9'),
('43','2179','10'),
('43','2180','11'),
('43','2181','12'),
('43','2182','13'),
('43','2183','14'),
('43','2184','15'),
('43','2185','16'),
('43','2186','17'),
('43','2187','18'),
('43','2188','19'),
('43','2189','20'),
('43','2190','21'),
('43','2191','22'),
('43','2192','23'),
('43','2193','24'),
('43','2194','25'),
('43','2195','26'),
('43','2196','27'),
('43','2197','28'),
('43','2198','29'),
('43','2199','30'),
('43','2200','31'),
('43','2201','32'),
('43','2202','33'),
('43','2203','34'),
('43','2204','35'),
('43','2205','36'),
('42','2206','1'),
('42','2207','2'),
('42','2208','3'),
('42','2209','4'),
('42','2210','5'),
('42','2211','6'),
('42','2212','7'),
('42','2213','8'),
('42','2214','9'),
('42','2215','10'),
('42','2216','11'),
('42','2217','12'),
('42','2218','13'),
('42','2219','14'),
('42','2220','15'),
('42','2221','16'),
('42','2222','17'),
('42','2223','18'),
('42','2224','19'),
('42','2225','20'),
('42','2226','21'),
('42','2227','22'),
('42','2228','23'),
('42','2229','24'),
('42','2230','25'),
('42','2231','26'),
('42','2232','27'),
('42','2233','28'),
('42','2234','29'),
('42','2235','30'),
('42','2236','31'),
('42','2237','32'),
('42','2238','33'),
('42','2239','34'),
('42','2240','35'),
('42','2241','36'),
('41','2242','1'),
('41','2243','2'),
('41','2244','3'),
('41','2245','4'),
('41','2246','5'),
('41','2247','6'),
('41','2248','7'),
('41','2249','8'),
('41','2250','9'),
('41','2251','10'),
('41','2252','11'),
('41','2253','12'),
('41','2254','13'),
('41','2255','14'),
('41','2256','15'),
('41','2257','20'),
('41','2258','21'),
('41','2259','22'),
('41','2260','23'),
('41','2261','24'),
('41','2262','25'),
('41','2263','26'),
('41','2264','27'),
('41','2265','28'),
('41','2266','29'),
('41','2267','30'),
('41','2268','31'),
('41','2269','32'),
('41','2270','33'),
('41','2271','34'),
('41','2272','35'),
('41','2273','36'),
('50','2274','1'),
('50','2275','2'),
('50','2276','3'),
('50','2277','4'),
('50','2278','5'),
('50','2279','6'),
('50','2280','7'),
('50','2281','8'),
('50','2282','9'),
('50','2283','10'),
('50','2284','11'),
('50','2285','12'),
('50','2286','13'),
('50','2287','14'),
('50','2288','15'),
('50','2289','16'),
('50','2290','17'),
('50','2291','18'),
('50','2292','19'),
('50','2293','20'),
('50','2294','21'),
('50','2295','22'),
('50','2296','23'),
('50','2297','24'),
('50','2298','25'),
('50','2299','26'),
('49','2300','1'),
('49','2301','2'),
('49','2302','3'),
('49','2303','4'),
('49','2304','5'),
('49','2305','6'),
('49','2306','7'),
('49','2307','8'),
('49','2308','9'),
('49','2309','10'),
('49','2310','11'),
('49','2311','12'),
('49','2312','13'),
('49','2313','14'),
('49','2314','15'),
('49','2315','16'),
('49','2316','17'),
('49','2317','18'),
('49','2318','19'),
('49','2319','20'),
('49','2320','21'),
('49','2321','22'),
('49','2322','23'),
('49','2323','24'),
('49','2324','25'),
('49','2325','26'),
('48','2326','1'),
('48','2327','2'),
('48','2328','3'),
('48','2329','4'),
('48','2330','5'),
('48','2331','6'),
('48','2332','7'),
('48','2333','8'),
('48','2334','9'),
('48','2335','10'),
('48','2336','11'),
('48','2337','12'),
('48','2338','13'),
('48','2339','14'),
('48','2340','15'),
('48','2341','16'),
('48','2342','17'),
('48','2343','18'),
('48','2344','19'),
('48','2345','20'),
('48','2346','21'),
('48','2347','22'),
('48','2348','23'),
('48','2349','24'),
('48','2350','25'),
('48','2351','26'),
('47','2352','1'),
('47','2353','2'),
('47','2354','3'),
('47','2355','4'),
('47','2356','5'),
('47','2357','6'),
('47','2358','7'),
('47','2359','8'),
('47','2360','9'),
('47','2361','10'),
('47','2362','11'),
('47','2363','12'),
('47','2364','13'),
('47','2365','14'),
('47','2366','15'),
('47','2367','16'),
('47','2368','17'),
('47','2369','18'),
('47','2370','19'),
('47','2371','20'),
('47','2372','21'),
('47','2373','22'),
('47','2374','23'),
('47','2375','24'),
('47','2376','25'),
('47','2377','26'),
('46','2378','1'),
('46','2379','2'),
('46','2380','3'),
('46','2381','4'),
('46','2382','5'),
('46','2383','6'),
('46','2384','7'),
('46','2385','8'),
('46','2386','9'),
('46','2387','10'),
('46','2388','11'),
('46','2389','12'),
('46','2390','13'),
('46','2391','14'),
('46','2392','15'),
('46','2393','16'),
('46','2394','17'),
('46','2395','18'),
('46','2396','19'),
('46','2397','20'),
('46','2398','21'),
('46','2399','22'),
('46','2400','23'),
('46','2401','24'),
('46','2402','25'),
('46','2403','26'),
('45','2404','1'),
('45','2405','2'),
('45','2406','3'),
('45','2407','4'),
('45','2408','5'),
('45','2409','6'),
('45','2410','7'),
('45','2411','8'),
('45','2412','9'),
('45','2413','10'),
('45','2414','11'),
('45','2415','12'),
('45','2416','13'),
('45','2417','14'),
('45','2418','15'),
('45','2419','16'),
('45','2420','17'),
('45','2421','18'),
('45','2422','19'),
('45','2423','20'),
('45','2424','21'),
('45','2425','22'),
('45','2426','23'),
('45','2427','24'),
('45','2428','25'),
('45','2429','26'),
('44','2430','1'),
('44','2431','2'),
('44','2432','3'),
('44','2433','4'),
('44','2434','5'),
('44','2435','6'),
('44','2436','7'),
('44','2437','8'),
('44','2438','9'),
('44','2439','10'),
('44','2440','11'),
('44','2441','12'),
('44','2442','13'),
('44','2443','14'),
('44','2444','15'),
('44','2445','16'),
('44','2446','17'),
('44','2447','18'),
('44','2448','19'),
('44','2449','20'),
('44','2450','21'),
('44','2451','22'),
('44','2452','23'),
('44','2453','24'),
('44','2454','25'),
('44','2455','26'),
('43','2456','1'),
('43','2457','2'),
('43','2458','3'),
('43','2459','4'),
('43','2460','5'),
('43','2461','6'),
('43','2462','7'),
('43','2463','8'),
('43','2464','9'),
('43','2465','10'),
('43','2466','11'),
('43','2467','12'),
('43','2468','13'),
('43','2469','14'),
('43','2470','15'),
('43','2471','16'),
('43','2472','17'),
('43','2473','18'),
('43','2474','19'),
('43','2475','20'),
('43','2476','21'),
('43','2477','22'),
('43','2478','23'),
('43','2479','24'),
('43','2480','25'),
('43','2481','26'),
('42','2482','1'),
('42','2483','2'),
('42','2484','3'),
('42','2485','4'),
('42','2486','5'),
('42','2487','6'),
('42','2488','7'),
('42','2489','8'),
('42','2490','9'),
('42','2491','10'),
('42','2492','11'),
('42','2493','12'),
('42','2494','13'),
('42','2495','14'),
('42','2496','15'),
('42','2497','16'),
('42','2498','17'),
('42','2499','18'),
('42','2500','19'),
('42','2501','20'),
('42','2502','21'),
('42','2503','22'),
('42','2504','23'),
('42','2505','24'),
('42','2506','25'),
('42','2507','26'),
('41','2508','1'),
('41','2509','2'),
('41','2510','3'),
('41','2511','4'),
('41','2512','5'),
('41','2513','6'),
('41','2514','7'),
('41','2515','8'),
('41','2516','9'),
('41','2517','10'),
('41','2518','17'),
('41','2519','18'),
('41','2520','19'),
('41','2521','20'),
('41','2522','21'),
('41','2523','22'),
('41','2524','23'),
('41','2525','24'),
('41','2526','25'),
('41','2527','26'),
('50','2528','1'),
('50','2529','2'),
('50','2530','3'),
('50','2531','4'),
('50','2532','5'),
('50','2533','6'),
('50','2534','7'),
('50','2535','8'),
('50','2536','9'),
('50','2537','10'),
('50','2538','11'),
('50','2539','12'),
('50','2540','13'),
('50','2541','14'),
('50','2542','15'),
('50','2543','16'),
('50','2544','17'),
('50','2545','18'),
('50','2546','19'),
('50','2547','20'),
('50','2548','21'),
('50','2549','22'),
('50','2550','23'),
('50','2551','24'),
('50','2552','25'),
('50','2553','26'),
('49','2554','1'),
('49','2555','2'),
('49','2556','3'),
('49','2557','4'),
('49','2558','5'),
('49','2559','6'),
('49','2560','7'),
('49','2561','8'),
('49','2562','9'),
('49','2563','10'),
('49','2564','11'),
('49','2565','12'),
('49','2566','13'),
('49','2567','14'),
('49','2568','15'),
('49','2569','16'),
('49','2570','17'),
('49','2571','18'),
('49','2572','19'),
('49','2573','20'),
('49','2574','21'),
('49','2575','22'),
('49','2576','23'),
('49','2577','24'),
('49','2578','25'),
('49','2579','26'),
('48','2580','1'),
('48','2581','2'),
('48','2582','3'),
('48','2583','4'),
('48','2584','5'),
('48','2585','6'),
('48','2586','7'),
('48','2587','8'),
('48','2588','9'),
('48','2589','10'),
('48','2590','11'),
('48','2591','12'),
('48','2592','13'),
('48','2593','14'),
('48','2594','15'),
('48','2595','16'),
('48','2596','17'),
('48','2597','18'),
('48','2598','19'),
('48','2599','20'),
('48','2600','21'),
('48','2601','22'),
('48','2602','23'),
('48','2603','24'),
('48','2604','25'),
('48','2605','26'),
('47','2606','1'),
('47','2607','2'),
('47','2608','3'),
('47','2609','4'),
('47','2610','5'),
('47','2611','6'),
('47','2612','7'),
('47','2613','8'),
('47','2614','9'),
('47','2615','10'),
('47','2616','11'),
('47','2617','12'),
('47','2618','13'),
('47','2619','14'),
('47','2620','15'),
('47','2621','16'),
('47','2622','17'),
('47','2623','18'),
('47','2624','19'),
('47','2625','20'),
('47','2626','21'),
('47','2627','22'),
('47','2628','23'),
('47','2629','24'),
('47','2630','25'),
('47','2631','26'),
('46','2632','1'),
('46','2633','2'),
('46','2634','3'),
('46','2635','4'),
('46','2636','5'),
('46','2637','6'),
('46','2638','7'),
('46','2639','8'),
('46','2640','9'),
('46','2641','10'),
('46','2642','11'),
('46','2643','12'),
('46','2644','13'),
('46','2645','14'),
('46','2646','15'),
('46','2647','16'),
('46','2648','17'),
('46','2649','18'),
('46','2650','19'),
('46','2651','20'),
('46','2652','21'),
('46','2653','22'),
('46','2654','23'),
('46','2655','24'),
('46','2656','25'),
('46','2657','26'),
('45','2658','1'),
('45','2659','2'),
('45','2660','3'),
('45','2661','4'),
('45','2662','5'),
('45','2663','6'),
('45','2664','7'),
('45','2665','8'),
('45','2666','9'),
('45','2667','10'),
('45','2668','11'),
('45','2669','12'),
('45','2670','13'),
('45','2671','14'),
('45','2672','15'),
('45','2673','16'),
('45','2674','17'),
('45','2675','18'),
('45','2676','19'),
('45','2677','20'),
('45','2678','21'),
('45','2679','22'),
('45','2680','23'),
('45','2681','24'),
('45','2682','25'),
('45','2683','26'),
('44','2684','1'),
('44','2685','2'),
('44','2686','3'),
('44','2687','4'),
('44','2688','5'),
('44','2689','6'),
('44','2690','7'),
('44','2691','8'),
('44','2692','9'),
('44','2693','10'),
('44','2694','11'),
('44','2695','12'),
('44','2696','13'),
('44','2697','14'),
('44','2698','15'),
('44','2699','16'),
('44','2700','17'),
('44','2701','18'),
('44','2702','19'),
('44','2703','20'),
('44','2704','21'),
('44','2705','22'),
('44','2706','23'),
('44','2707','24'),
('44','2708','25'),
('44','2709','26'),
('43','2710','1'),
('43','2711','2'),
('43','2712','3'),
('43','2713','4'),
('43','2714','5'),
('43','2715','6'),
('43','2716','7'),
('43','2717','8'),
('43','2718','9'),
('43','2719','10'),
('43','2720','11'),
('43','2721','12'),
('43','2722','13'),
('43','2723','14'),
('43','2724','15'),
('43','2725','16'),
('43','2726','17'),
('43','2727','18'),
('43','2728','19'),
('43','2729','20'),
('43','2730','21'),
('43','2731','22'),
('43','2732','23'),
('43','2733','24'),
('43','2734','25'),
('43','2735','26'),
('42','2736','1'),
('42','2737','2'),
('42','2738','3'),
('42','2739','4'),
('42','2740','5'),
('42','2741','6'),
('42','2742','7'),
('42','2743','8'),
('42','2744','9'),
('42','2745','10'),
('42','2746','11'),
('42','2747','12'),
('42','2748','13'),
('42','2749','14'),
('42','2750','15'),
('42','2751','16'),
('42','2752','17'),
('42','2753','18'),
('42','2754','19'),
('42','2755','20'),
('42','2756','21'),
('42','2757','22'),
('42','2758','23'),
('42','2759','24'),
('42','2760','25'),
('42','2761','26'),
('41','2762','1'),
('41','2763','2'),
('41','2764','3'),
('41','2765','4'),
('41','2766','5'),
('41','2767','6'),
('41','2768','7'),
('41','2769','8'),
('41','2770','9'),
('41','2771','10'),
('41','2772','17'),
('41','2773','18'),
('41','2774','19'),
('41','2775','20'),
('41','2776','21'),
('41','2777','22'),
('41','2778','23'),
('41','2779','24'),
('41','2780','25'),
('41','2781','26'),
('52','2782','1'),
('52','2783','2'),
('52','2784','3'),
('52','2785','4'),
('52','2786','5'),
('52','2787','6'),
('52','2788','7'),
('52','2789','8'),
('52','2790','9'),
('52','2791','10'),
('52','2792','11'),
('52','2793','12'),
('52','2794','13'),
('52','2795','14'),
('52','2796','15'),
('52','2797','16'),
('52','2798','17'),
('52','2799','18'),
('52','2800','19'),
('52','2801','20'),
('52','2802','21'),
('52','2803','26'),
('51','2804','1'),
('51','2805','2'),
('51','2806','3'),
('51','2807','4'),
('51','2808','5'),
('51','2809','6'),
('51','2810','7'),
('51','2811','8'),
('51','2812','9'),
('51','2813','10'),
('51','2814','11'),
('51','2815','12'),
('51','2816','13'),
('51','2817','14'),
('51','2818','15'),
('51','2819','16'),
('51','2820','17'),
('51','2821','18'),
('51','2822','19'),
('51','2823','20'),
('51','2824','21'),
('51','2825','22'),
('51','2826','23'),
('51','2827','24'),
('51','2828','25'),
('51','2829','26'),
('1','2830','1'),
('1','2831','2'),
('1','2832','3'),
('1','2833','4'),
('1','2834','5'),
('1','2835','6'),
('1','2836','7'),
('1','2837','8'),
('1','2838','9'),
('1','2839','10'),
('1','2840','11'),
('1','2841','12'),
('1','2842','13'),
('1','2843','14'),
('1','2844','15'),
('1','2845','16'),
('1','2846','17'),
('1','2847','18'),
('1','2848','19'),
('1','2849','20'),
('1','2850','21'),
('1','2851','22'),
('1','2852','23'),
('1','2853','24'),
('2','2854','1'),
('2','2855','2'),
('2','2856','3'),
('2','2857','4'),
('2','2858','5'),
('2','2859','6'),
('2','2860','7'),
('2','2861','8'),
('2','2862','9'),
('2','2863','10'),
('2','2864','11'),
('2','2865','12'),
('2','2866','13'),
('2','2867','14'),
('2','2868','15'),
('2','2869','16'),
('2','2870','17'),
('2','2871','18'),
('2','2872','19'),
('2','2873','20'),
('2','2874','21'),
('2','2875','22'),
('2','2876','23'),
('2','2877','24'),
('3','2878','1'),
('3','2879','2'),
('3','2880','3'),
('3','2881','4'),
('3','2882','5'),
('3','2883','6'),
('3','2884','7'),
('3','2885','8'),
('3','2886','9'),
('3','2887','10'),
('3','2888','11'),
('3','2889','12'),
('3','2890','13'),
('3','2891','14'),
('3','2892','15'),
('3','2893','16'),
('3','2894','17'),
('3','2895','18'),
('3','2896','19'),
('3','2897','20'),
('3','2898','21'),
('3','2899','22'),
('3','2900','23'),
('3','2901','24'),
('4','2902','1'),
('4','2903','2'),
('4','2904','3'),
('4','2905','4'),
('4','2906','5'),
('4','2907','6'),
('4','2908','7'),
('4','2909','8'),
('4','2910','9'),
('4','2911','10'),
('4','2912','11'),
('4','2913','12'),
('4','2914','13'),
('4','2915','14'),
('4','2916','15'),
('4','2917','16'),
('4','2918','17'),
('4','2919','18'),
('4','2920','19'),
('4','2921','20'),
('4','2922','21'),
('4','2923','22'),
('4','2924','23'),
('4','2925','24'),
('5','2926','1'),
('5','2927','2'),
('5','2928','3'),
('5','2929','4'),
('5','2930','5'),
('5','2931','6'),
('5','2932','7'),
('5','2933','8'),
('5','2934','9'),
('5','2935','10'),
('5','2936','11'),
('5','2937','12'),
('5','2938','13'),
('5','2939','14'),
('5','2940','15'),
('5','2941','16'),
('5','2942','17'),
('5','2943','18'),
('5','2944','19'),
('5','2945','20'),
('5','2946','21'),
('5','2947','22'),
('5','2948','23'),
('5','2949','24'),
('6','2950','1'),
('6','2951','2'),
('6','2952','3'),
('6','2953','4'),
('6','2954','5'),
('6','2955','6'),
('6','2956','7'),
('6','2957','8'),
('6','2958','9'),
('6','2959','10'),
('6','2960','11'),
('6','2961','12'),
('6','2962','13'),
('6','2963','14'),
('6','2964','15'),
('6','2965','16'),
('6','2966','17'),
('6','2967','18'),
('6','2968','19'),
('6','2969','20'),
('6','2970','21'),
('6','2971','22'),
('6','2972','23'),
('6','2973','24'),
('7','2974','1'),
('7','2975','2'),
('7','2976','3'),
('7','2977','4'),
('7','2978','5'),
('7','2979','6'),
('7','2980','7'),
('7','2981','8'),
('7','2982','9'),
('7','2983','10'),
('7','2984','11'),
('7','2985','12'),
('7','2986','13'),
('7','2987','14'),
('7','2988','15'),
('7','2989','16'),
('7','2990','17'),
('7','2991','18'),
('7','2992','19'),
('7','2993','20'),
('7','2994','21'),
('7','2995','22'),
('7','2996','23'),
('7','2997','24'),
('8','2998','1'),
('8','2999','2'),
('8','3000','3'),
('8','3001','4'),
('8','3002','5'),
('8','3003','6'),
('8','3004','7'),
('8','3005','8'),
('8','3006','9'),
('8','3007','10'),
('8','3008','11'),
('8','3009','12'),
('8','3010','13'),
('8','3011','14'),
('8','3012','15'),
('8','3013','16'),
('8','3014','17'),
('8','3015','18'),
('8','3016','19'),
('8','3017','20'),
('8','3018','21'),
('8','3019','22'),
('8','3020','23'),
('8','3021','24'),
('9','3022','1'),
('9','3023','2'),
('9','3024','3'),
('9','3025','4'),
('9','3026','5'),
('9','3027','6'),
('9','3028','7'),
('9','3029','8'),
('9','3030','9'),
('9','3031','10'),
('9','3032','11'),
('9','3033','12'),
('9','3034','13'),
('9','3035','14'),
('9','3036','15'),
('9','3037','16'),
('9','3038','17'),
('9','3039','18'),
('9','3040','19'),
('9','3041','20'),
('9','3042','21'),
('9','3043','22'),
('9','3044','23'),
('9','3045','24'),
('10','3046','1'),
('10','3047','2'),
('10','3048','3'),
('10','3049','4'),
('10','3050','5'),
('10','3051','6'),
('10','3052','7'),
('10','3053','8'),
('10','3054','9'),
('10','3055','10'),
('10','3056','11'),
('10','3057','12'),
('10','3058','13'),
('10','3059','14'),
('10','3060','15'),
('10','3061','16'),
('10','3062','17'),
('10','3063','18'),
('10','3064','19'),
('10','3065','20'),
('10','3066','21'),
('10','3067','22'),
('10','3068','23'),
('10','3069','24'),
('11','3070','1'),
('11','3071','2'),
('11','3072','3'),
('11','3073','4'),
('11','3074','5'),
('11','3075','6'),
('11','3076','7'),
('11','3077','8'),
('11','3078','9'),
('11','3079','10'),
('11','3080','11'),
('11','3081','12'),
('11','3082','13'),
('11','3083','14'),
('11','3084','15'),
('11','3085','16'),
('11','3086','17'),
('11','3087','18'),
('11','3088','19'),
('11','3089','20'),
('11','3090','21'),
('11','3091','22'),
('11','3092','23'),
('11','3093','24'),
('12','3094','1'),
('12','3095','2'),
('12','3096','3'),
('12','3097','4'),
('12','3098','5'),
('12','3099','6'),
('12','3100','7'),
('12','3101','8'),
('12','3102','9'),
('12','3103','10'),
('12','3104','11'),
('12','3105','12'),
('12','3106','13'),
('12','3107','14'),
('12','3108','15'),
('12','3109','16'),
('12','3110','17'),
('12','3111','18'),
('12','3112','19'),
('12','3113','20'),
('12','3114','21'),
('12','3115','22'),
('12','3116','23'),
('12','3117','24'),
('13','3118','1'),
('13','3119','2'),
('13','3120','3'),
('13','3121','4'),
('13','3122','5'),
('13','3123','6'),
('13','3124','7'),
('13','3125','8'),
('13','3126','9'),
('13','3127','10'),
('13','3128','11'),
('13','3129','12'),
('13','3130','13'),
('13','3131','14'),
('13','3132','15'),
('13','3133','16'),
('13','3134','17'),
('13','3135','18'),
('13','3136','19'),
('13','3137','20'),
('13','3138','21'),
('13','3139','22'),
('13','3140','23'),
('13','3141','24'),
('14','3142','1'),
('14','3143','2'),
('14','3144','3'),
('14','3145','4'),
('14','3146','5'),
('14','3147','6'),
('14','3148','7'),
('14','3149','8'),
('14','3150','9'),
('14','3151','10'),
('14','3152','11'),
('14','3153','12'),
('14','3154','13'),
('14','3155','14'),
('14','3156','15'),
('14','3157','16'),
('14','3158','17'),
('14','3159','18'),
('14','3160','19'),
('14','3161','20'),
('14','3162','21'),
('14','3163','22'),
('14','3164','23'),
('14','3165','24'),
('15','3166','1'),
('15','3167','2'),
('15','3168','3'),
('15','3169','4'),
('15','3170','5'),
('15','3171','6'),
('15','3172','7'),
('15','3173','8'),
('15','3174','9'),
('15','3175','10'),
('15','3176','11'),
('15','3177','12'),
('15','3178','13'),
('15','3179','14'),
('15','3180','15'),
('15','3181','16'),
('15','3182','17'),
('15','3183','18'),
('15','3184','19'),
('15','3185','20'),
('15','3186','21'),
('15','3187','22'),
('15','3188','23'),
('15','3189','24'),
('16','3190','1'),
('16','3191','2'),
('16','3192','3'),
('16','3193','4'),
('16','3194','5'),
('16','3195','6'),
('16','3196','7'),
('16','3197','8'),
('16','3198','9'),
('16','3199','10'),
('16','3200','11'),
('16','3201','12'),
('16','3202','13'),
('16','3203','14'),
('16','3204','15'),
('16','3205','16'),
('16','3206','17'),
('16','3207','18'),
('16','3208','19'),
('16','3209','20'),
('16','3210','21'),
('16','3211','22'),
('16','3212','23'),
('16','3213','24'),
('17','3214','1'),
('17','3215','2'),
('17','3216','3'),
('17','3217','4'),
('17','3218','5'),
('17','3219','6'),
('17','3220','7'),
('17','3221','8'),
('17','3222','9'),
('17','3223','10'),
('17','3224','11'),
('17','3225','12'),
('17','3226','13'),
('17','3227','14'),
('17','3228','15'),
('17','3229','16'),
('17','3230','17'),
('17','3231','18'),
('17','3232','19'),
('17','3233','20'),
('17','3234','21'),
('17','3235','22'),
('17','3236','23'),
('17','3237','24'),
('21','3238','1'),
('21','3239','2'),
('21','3240','3'),
('21','3241','4'),
('21','3242','5'),
('21','3243','6'),
('21','3244','7'),
('21','3245','8'),
('21','3246','9'),
('21','3247','10'),
('21','3248','11'),
('21','3249','12'),
('21','3250','13'),
('21','3251','14'),
('21','3252','15'),
('21','3253','16'),
('21','3254','17'),
('21','3255','18'),
('21','3256','19'),
('21','3257','20'),
('21','3258','21'),
('21','3259','22'),
('21','3260','23'),
('21','3261','24'),
('22','3262','1'),
('22','3263','2'),
('22','3264','3'),
('22','3265','4'),
('22','3266','5'),
('22','3267','6'),
('22','3268','7'),
('22','3269','8'),
('22','3270','9'),
('22','3271','10'),
('22','3272','11'),
('22','3273','12'),
('22','3274','13'),
('22','3275','14'),
('22','3276','15'),
('22','3277','16'),
('22','3278','17'),
('22','3279','18'),
('22','3280','19'),
('22','3281','20'),
('22','3282','21'),
('22','3283','22'),
('22','3284','23'),
('22','3285','24'),
('23','3286','1'),
('23','3287','2'),
('23','3288','3'),
('23','3289','4'),
('23','3290','5'),
('23','3291','6'),
('23','3292','7'),
('23','3293','8'),
('23','3294','9'),
('23','3295','10'),
('23','3296','11'),
('23','3297','12'),
('23','3298','13'),
('23','3299','14'),
('23','3300','15'),
('23','3301','16'),
('23','3302','17'),
('23','3303','18'),
('23','3304','19'),
('23','3305','20'),
('23','3306','21'),
('23','3307','22'),
('23','3308','23'),
('23','3309','24'),
('24','3310','1'),
('24','3311','2'),
('24','3312','3'),
('24','3313','4'),
('24','3314','5'),
('24','3315','6'),
('24','3316','7'),
('24','3317','8'),
('24','3318','9'),
('24','3319','10'),
('24','3320','11'),
('24','3321','12'),
('24','3322','13'),
('24','3323','14'),
('24','3324','15'),
('24','3325','16'),
('24','3326','17'),
('24','3327','18'),
('24','3328','19'),
('24','3329','20'),
('24','3330','21'),
('24','3331','22'),
('24','3332','23'),
('24','3333','24'),
('25','3334','1'),
('25','3335','2'),
('25','3336','3'),
('25','3337','4'),
('25','3338','5'),
('25','3339','6'),
('25','3340','7'),
('25','3341','8'),
('25','3342','9'),
('25','3343','10'),
('25','3344','11'),
('25','3345','12'),
('25','3346','13'),
('25','3347','14'),
('25','3348','15'),
('25','3349','16'),
('25','3350','17'),
('25','3351','18'),
('25','3352','19'),
('25','3353','20'),
('25','3354','21'),
('25','3355','22'),
('25','3356','23'),
('25','3357','24'),
('26','3358','1'),
('26','3359','2'),
('26','3360','3'),
('26','3361','4'),
('26','3362','5'),
('26','3363','6'),
('26','3364','7'),
('26','3365','8'),
('26','3366','9'),
('26','3367','10'),
('26','3368','11'),
('26','3369','12'),
('26','3370','13'),
('26','3371','14'),
('26','3372','15'),
('26','3373','16'),
('26','3374','17'),
('26','3375','18'),
('26','3376','19'),
('26','3377','20'),
('26','3378','21'),
('26','3379','22'),
('26','3380','23'),
('26','3381','24'),
('27','3382','1'),
('27','3383','2'),
('27','3384','3'),
('27','3385','4'),
('27','3386','5'),
('27','3387','6'),
('27','3388','7'),
('27','3389','8'),
('27','3390','9'),
('27','3391','10'),
('27','3392','11'),
('27','3393','12'),
('27','3394','13'),
('27','3395','14'),
('27','3396','15'),
('27','3397','16'),
('27','3398','17'),
('27','3399','18'),
('27','3400','19'),
('27','3401','20'),
('27','3402','21'),
('27','3403','22'),
('27','3404','23'),
('27','3405','24'),
('28','3406','1'),
('28','3407','2'),
('28','3408','3'),
('28','3409','4'),
('28','3410','5'),
('28','3411','6'),
('28','3412','7'),
('28','3413','8'),
('28','3414','9'),
('28','3415','10'),
('28','3416','11'),
('28','3417','12'),
('28','3418','13'),
('28','3419','14'),
('28','3420','15'),
('28','3421','16'),
('28','3422','17'),
('28','3423','18'),
('28','3424','19'),
('28','3425','20'),
('28','3426','21'),
('28','3427','22'),
('28','3428','23'),
('28','3429','24'),
('29','3430','1'),
('29','3431','2'),
('29','3432','3'),
('29','3433','4'),
('29','3434','5'),
('29','3435','6'),
('29','3436','7'),
('29','3437','8'),
('29','3438','9'),
('29','3439','10'),
('29','3440','11'),
('29','3441','12'),
('29','3442','13'),
('29','3443','14'),
('29','3444','15'),
('29','3445','16'),
('29','3446','17'),
('29','3447','18'),
('29','3448','19'),
('29','3449','20'),
('29','3450','21'),
('29','3451','22'),
('29','3452','23'),
('29','3453','24'),
('30','3454','1'),
('30','3455','2'),
('30','3456','3'),
('30','3457','4'),
('30','3458','5'),
('30','3459','6'),
('30','3460','7'),
('30','3461','8'),
('30','3462','9'),
('30','3463','10'),
('30','3464','11'),
('30','3465','12'),
('30','3466','13'),
('30','3467','14'),
('30','3468','15'),
('30','3469','16'),
('30','3470','17'),
('30','3471','18'),
('30','3472','19'),
('30','3473','20'),
('30','3474','21'),
('30','3475','22'),
('30','3476','23'),
('30','3477','24'),
('31','3478','1'),
('31','3479','2'),
('31','3480','3'),
('31','3481','4'),
('31','3482','5'),
('31','3483','6'),
('31','3484','7'),
('31','3485','8'),
('31','3486','9'),
('31','3487','10'),
('31','3488','11'),
('31','3489','12'),
('31','3490','13'),
('31','3491','14'),
('31','3492','15'),
('31','3493','16'),
('31','3494','17'),
('31','3495','18'),
('31','3496','19'),
('31','3497','20'),
('31','3498','21'),
('31','3499','22'),
('31','3500','23'),
('31','3501','24'),
('32','3502','1'),
('32','3503','2'),
('32','3504','3'),
('32','3505','4'),
('32','3506','5'),
('32','3507','6'),
('32','3508','7'),
('32','3509','8'),
('32','3510','9'),
('32','3511','10'),
('32','3512','11'),
('32','3513','12'),
('32','3514','13'),
('32','3515','14'),
('32','3516','15'),
('32','3517','16'),
('32','3518','17'),
('32','3519','18'),
('32','3520','19'),
('32','3521','20'),
('32','3522','21'),
('32','3523','22'),
('32','3524','23'),
('32','3525','24'),
('33','3526','1'),
('33','3527','2'),
('33','3528','3'),
('33','3529','4'),
('33','3530','5'),
('33','3531','6'),
('33','3532','7'),
('33','3533','8'),
('33','3534','9'),
('33','3535','10'),
('33','3536','11'),
('33','3537','12'),
('33','3538','13'),
('33','3539','14'),
('33','3540','15'),
('33','3541','16'),
('33','3542','17'),
('33','3543','18'),
('33','3544','19'),
('33','3545','20'),
('33','3546','21'),
('33','3547','22'),
('33','3548','23'),
('33','3549','24'),
('34','3550','1'),
('34','3551','2'),
('34','3552','3'),
('34','3553','4'),
('34','3554','5'),
('34','3555','6'),
('34','3556','7'),
('34','3557','8'),
('34','3558','9'),
('34','3559','10'),
('34','3560','11'),
('34','3561','12'),
('34','3562','13'),
('34','3563','14'),
('34','3564','15'),
('34','3565','16'),
('34','3566','17'),
('34','3567','18'),
('34','3568','19'),
('34','3569','20'),
('34','3570','21'),
('34','3571','22'),
('34','3572','23'),
('34','3573','24'),
('35','3574','1'),
('35','3575','2'),
('35','3576','3'),
('35','3577','4'),
('35','3578','5'),
('35','3579','6'),
('35','3580','7'),
('35','3581','8'),
('35','3582','9'),
('35','3583','10'),
('35','3584','11'),
('35','3585','12'),
('35','3586','13'),
('35','3587','14'),
('35','3588','15'),
('35','3589','16'),
('35','3590','17'),
('35','3591','18'),
('35','3592','19'),
('35','3593','20'),
('35','3594','21'),
('35','3595','22'),
('35','3596','23'),
('35','3597','24'),
('36','3598','1'),
('36','3599','2'),
('36','3600','3'),
('36','3601','4'),
('36','3602','5'),
('36','3603','6'),
('36','3604','7'),
('36','3605','8'),
('36','3606','9'),
('36','3607','10'),
('36','3608','11'),
('36','3609','12'),
('36','3610','13'),
('36','3611','14'),
('36','3612','15'),
('36','3613','16'),
('36','3614','17'),
('36','3615','18'),
('36','3616','19'),
('36','3617','20'),
('36','3618','21'),
('36','3619','22'),
('36','3620','23'),
('36','3621','24'),
('37','3622','1'),
('37','3623','2'),
('37','3624','3'),
('37','3625','4'),
('37','3626','5'),
('37','3627','6'),
('37','3628','7'),
('37','3629','8'),
('37','3630','9'),
('37','3631','10'),
('37','3632','11'),
('37','3633','12'),
('37','3634','13'),
('37','3635','14'),
('37','3636','15'),
('37','3637','16'),
('37','3638','17'),
('37','3639','18'),
('37','3640','19'),
('37','3641','20'),
('37','3642','21'),
('37','3643','22'),
('37','3644','23'),
('37','3645','24'),
('38','3646','1'),
('38','3647','2'),
('38','3648','3'),
('38','3649','4'),
('38','3650','5'),
('38','3651','6'),
('38','3652','7'),
('38','3653','8'),
('38','3654','9'),
('38','3655','10'),
('38','3656','11'),
('38','3657','12'),
('38','3658','13'),
('38','3659','14'),
('38','3660','15'),
('38','3661','16'),
('38','3662','17'),
('38','3663','18'),
('38','3664','19'),
('38','3665','20'),
('38','3666','21'),
('38','3667','22'),
('38','3668','23'),
('38','3669','24'),
('39','3670','1'),
('39','3671','2'),
('39','3672','3'),
('39','3673','4'),
('39','3674','5'),
('39','3675','6'),
('39','3676','7'),
('39','3677','8'),
('39','3678','9'),
('39','3679','10'),
('39','3680','11'),
('39','3681','12'),
('39','3682','13'),
('39','3683','14'),
('39','3684','15'),
('39','3685','16'),
('39','3686','17'),
('39','3687','18'),
('39','3688','19'),
('39','3689','20'),
('39','3690','21'),
('39','3691','22'),
('39','3692','23'),
('39','3693','24'),
('41','3694','1'),
('41','3695','2'),
('41','3696','3'),
('41','3697','4'),
('41','3698','5'),
('41','3699','6'),
('41','3700','7'),
('41','3701','8'),
('41','3702','9'),
('41','3703','10'),
('41','3704','11'),
('41','3705','12'),
('41','3706','13'),
('41','3707','14'),
('41','3708','15'),
('41','3709','16'),
('41','3710','17'),
('41','3711','18'),
('41','3712','19'),
('41','3713','20'),
('41','3714','21'),
('41','3715','22'),
('41','3716','23'),
('41','3717','24'),
('42','3718','1'),
('42','3719','2'),
('42','3720','3'),
('42','3721','4'),
('42','3722','5'),
('42','3723','6'),
('42','3724','7'),
('42','3725','8'),
('42','3726','9'),
('42','3727','10'),
('42','3728','11'),
('42','3729','12'),
('42','3730','13'),
('42','3731','14'),
('42','3732','15'),
('42','3733','16'),
('42','3734','17'),
('42','3735','18'),
('42','3736','19'),
('42','3737','20'),
('42','3738','21'),
('42','3739','22'),
('42','3740','23'),
('42','3741','24'),
('43','3742','1'),
('43','3743','2'),
('43','3744','3'),
('43','3745','4'),
('43','3746','5'),
('43','3747','6'),
('43','3748','7'),
('43','3749','8'),
('43','3750','9'),
('43','3751','10'),
('43','3752','11'),
('43','3753','12'),
('43','3754','13'),
('43','3755','14'),
('43','3756','15'),
('43','3757','16'),
('43','3758','17'),
('43','3759','18'),
('43','3760','19'),
('43','3761','20'),
('43','3762','21'),
('43','3763','22'),
('43','3764','23'),
('43','3765','24'),
('44','3766','1'),
('44','3767','2'),
('44','3768','3'),
('44','3769','4'),
('44','3770','5'),
('44','3771','6'),
('44','3772','7'),
('44','3773','8'),
('44','3774','9'),
('44','3775','10'),
('44','3776','11'),
('44','3777','12'),
('44','3778','13'),
('44','3779','14'),
('44','3780','15'),
('44','3781','16'),
('44','3782','17'),
('44','3783','18'),
('44','3784','19'),
('44','3785','20'),
('44','3786','21'),
('44','3787','22'),
('44','3788','23'),
('44','3789','24'),
('45','3790','1'),
('45','3791','2'),
('45','3792','3'),
('45','3793','4'),
('45','3794','5'),
('45','3795','6'),
('45','3796','7'),
('45','3797','8'),
('45','3798','9'),
('45','3799','10'),
('45','3800','11'),
('45','3801','12'),
('45','3802','13'),
('45','3803','14'),
('45','3804','15'),
('45','3805','16'),
('45','3806','17'),
('45','3807','18'),
('45','3808','19'),
('45','3809','20'),
('45','3810','21'),
('45','3811','22'),
('45','3812','23'),
('45','3813','24'),
('46','3814','1'),
('46','3815','2'),
('46','3816','3'),
('46','3817','4'),
('46','3818','5'),
('46','3819','6'),
('46','3820','7'),
('46','3821','8'),
('46','3822','9'),
('46','3823','10'),
('46','3824','11'),
('46','3825','12'),
('46','3826','13'),
('46','3827','14'),
('46','3828','15'),
('46','3829','16'),
('46','3830','17'),
('46','3831','18'),
('46','3832','19'),
('46','3833','20'),
('46','3834','21'),
('46','3835','22'),
('46','3836','23'),
('46','3837','24'),
('47','3838','1'),
('47','3839','2'),
('47','3840','3'),
('47','3841','4'),
('47','3842','5'),
('47','3843','6'),
('47','3844','7'),
('47','3845','8'),
('47','3846','9'),
('47','3847','10'),
('47','3848','11'),
('47','3849','12'),
('47','3850','13'),
('47','3851','14'),
('47','3852','15'),
('47','3853','16'),
('47','3854','17'),
('47','3855','18'),
('47','3856','19'),
('47','3857','20'),
('47','3858','21'),
('47','3859','22'),
('47','3860','23'),
('47','3861','24'),
('48','3862','1'),
('48','3863','2'),
('48','3864','3'),
('48','3865','4'),
('48','3866','5'),
('48','3867','6'),
('48','3868','7'),
('48','3869','8'),
('48','3870','9'),
('48','3871','10'),
('48','3872','11'),
('48','3873','12'),
('48','3874','13'),
('48','3875','14'),
('48','3876','15'),
('48','3877','16'),
('48','3878','17'),
('48','3879','18'),
('48','3880','19'),
('48','3881','20'),
('48','3882','21'),
('48','3883','22'),
('48','3884','23'),
('48','3885','24'),
('49','3886','1'),
('49','3887','2'),
('49','3888','3'),
('49','3889','4'),
('49','3890','5'),
('49','3891','6'),
('49','3892','7'),
('49','3893','8'),
('49','3894','9'),
('49','3895','10'),
('49','3896','11'),
('49','3897','12'),
('49','3898','13'),
('49','3899','14'),
('49','3900','15'),
('49','3901','16'),
('49','3902','17'),
('49','3903','18'),
('49','3904','19'),
('49','3905','20'),
('49','3906','21'),
('49','3907','22'),
('49','3908','23'),
('49','3909','24'),
('50','3910','1'),
('50','3911','2'),
('50','3912','3'),
('50','3913','4'),
('50','3914','5'),
('50','3915','6'),
('50','3916','7'),
('50','3917','8'),
('50','3918','9'),
('50','3919','10'),
('50','3920','11'),
('50','3921','12'),
('50','3922','13'),
('50','3923','14'),
('50','3924','15'),
('50','3925','16'),
('50','3926','17'),
('50','3927','18'),
('50','3928','19'),
('50','3929','20'),
('50','3930','21'),
('50','3931','22'),
('50','3932','23'),
('50','3933','24'),
('51','3934','1'),
('51','3935','2'),
('51','3936','3'),
('51','3937','4'),
('51','3938','5'),
('51','3939','6'),
('51','3940','7'),
('51','3941','8'),
('51','3942','9'),
('51','3943','10'),
('51','3944','11'),
('51','3945','12'),
('51','3946','13'),
('51','3947','14'),
('51','3948','15'),
('51','3949','16'),
('51','3950','17'),
('51','3951','18'),
('51','3952','19'),
('51','3953','20'),
('51','3954','21'),
('51','3955','22'),
('51','3956','23'),
('51','3957','24'),
('52','3958','1'),
('52','3959','2'),
('52','3960','3'),
('52','3961','4'),
('52','3962','5'),
('52','3963','6'),
('52','3964','7'),
('52','3965','8'),
('52','3966','9'),
('52','3967','10'),
('52','3968','11'),
('52','3969','12'),
('52','3970','13'),
('52','3971','14'),
('52','3972','15'),
('52','3973','16'),
('52','3974','17'),
('52','3975','18'),
('52','3976','19'),
('52','3977','20'),
('52','3978','21'),
('52','3979','22'),
('52','3980','23'),
('52','3981','24'),
('53','3982','1'),
('53','3983','2'),
('53','3984','3'),
('53','3985','4'),
('53','3986','5'),
('53','3987','6'),
('53','3988','7'),
('53','3989','8'),
('53','3990','9'),
('53','3991','10'),
('53','3992','11'),
('53','3993','12'),
('53','3994','13'),
('53','3995','14'),
('53','3996','15'),
('53','3997','16'),
('53','3998','17'),
('53','3999','18'),
('53','4000','19'),
('53','4001','20'),
('53','4002','21'),
('53','4003','22'),
('53','4004','23'),
('53','4005','24'),
('54','4006','1'),
('54','4007','2'),
('54','4008','3'),
('54','4009','4'),
('54','4010','5'),
('54','4011','6'),
('54','4012','7'),
('54','4013','8'),
('54','4014','9'),
('54','4015','10'),
('54','4016','11'),
('54','4017','12'),
('54','4018','13'),
('54','4019','14'),
('54','4020','15'),
('54','4021','16'),
('54','4022','17'),
('54','4023','18'),
('54','4024','19'),
('54','4025','20'),
('54','4026','21'),
('54','4027','22'),
('54','4028','23'),
('54','4029','24'),
('55','4030','3'),
('55','4031','4'),
('55','4032','5'),
('55','4033','6'),
('55','4034','7'),
('55','4035','8'),
('55','4036','9'),
('55','4037','10'),
('55','4038','11'),
('55','4039','12'),
('55','4040','13'),
('55','4041','14'),
('55','4042','15'),
('55','4043','16'),
('55','4044','17'),
('55','4045','18'),
('55','4046','19'),
('55','4047','20'),
('55','4048','21'),
('55','4049','22'),
('55','4050','23'),
('55','4051','24'),
('56','4052','5'),
('56','4053','6'),
('56','4054','7'),
('56','4055','8'),
('56','4056','9'),
('56','4057','10'),
('56','4058','11'),
('56','4059','12'),
('56','4060','13'),
('56','4061','14'),
('56','4062','15'),
('56','4063','16'),
('56','4064','17'),
('56','4065','18'),
('56','4066','19'),
('56','4067','20'),
('56','4068','21'),
('56','4069','22'),
('56','4070','23'),
('56','4071','24'),
('57','4072','7'),
('57','4073','8'),
('57','4074','9'),
('57','4075','10'),
('57','4076','11'),
('57','4077','12'),
('57','4078','13'),
('57','4079','14'),
('57','4080','15'),
('57','4081','16'),
('57','4082','17'),
('57','4083','18'),
('57','4084','19'),
('57','4085','20'),
('57','4086','21'),
('57','4087','22'),
('57','4088','23'),
('57','4089','24'),
('58','4090','9'),
('58','4091','10'),
('58','4092','11'),
('58','4093','12'),
('58','4094','13'),
('58','4095','14'),
('58','4096','15'),
('58','4097','16'),
('58','4098','17'),
('58','4099','18'),
('58','4100','19'),
('58','4101','20'),
('58','4102','21'),
('58','4103','22'),
('58','4104','23'),
('58','4105','24'),
('1','4106','51'),
('1','4107','52'),
('1','4108','53'),
('1','4109','54'),
('1','4110','55'),
('1','4111','56'),
('1','4112','57'),
('1','4113','58'),
('1','4114','59'),
('1','4115','60'),
('1','4116','61'),
('1','4117','62'),
('1','4118','63'),
('1','4119','64'),
('1','4120','65'),
('1','4121','66'),
('1','4122','67'),
('1','4123','68'),
('1','4124','69'),
('1','4125','70'),
('1','4126','71'),
('1','4127','72'),
('1','4128','73'),
('1','4129','74'),
('2','4130','51'),
('2','4131','52'),
('2','4132','53'),
('2','4133','54'),
('2','4134','55'),
('2','4135','56'),
('2','4136','57'),
('2','4137','58'),
('2','4138','59'),
('2','4139','60'),
('2','4140','61'),
('2','4141','62'),
('2','4142','63'),
('2','4143','64'),
('2','4144','65'),
('2','4145','66'),
('2','4146','67'),
('2','4147','68'),
('2','4148','69'),
('2','4149','70'),
('2','4150','71'),
('2','4151','72'),
('2','4152','73'),
('2','4153','74'),
('3','4154','51'),
('3','4155','52'),
('3','4156','53'),
('3','4157','54'),
('3','4158','55'),
('3','4159','56'),
('3','4160','57'),
('3','4161','58'),
('3','4162','59'),
('3','4163','60'),
('3','4164','61'),
('3','4165','62'),
('3','4166','63'),
('3','4167','64'),
('3','4168','65'),
('3','4169','66'),
('3','4170','67'),
('3','4171','68'),
('3','4172','69'),
('3','4173','70'),
('3','4174','71'),
('3','4175','72'),
('3','4176','73'),
('3','4177','74'),
('4','4178','51'),
('4','4179','52'),
('4','4180','53'),
('4','4181','54'),
('4','4182','55'),
('4','4183','56'),
('4','4184','57'),
('4','4185','58'),
('4','4186','59'),
('4','4187','60'),
('4','4188','61'),
('4','4189','62'),
('4','4190','63'),
('4','4191','64'),
('4','4192','65'),
('4','4193','66'),
('4','4194','67'),
('4','4195','68'),
('4','4196','69'),
('4','4197','70'),
('4','4198','71'),
('4','4199','72'),
('4','4200','73'),
('4','4201','74'),
('5','4202','51'),
('5','4203','52'),
('5','4204','53'),
('5','4205','54'),
('5','4206','55'),
('5','4207','56'),
('5','4208','57'),
('5','4209','58'),
('5','4210','59'),
('5','4211','60'),
('5','4212','61'),
('5','4213','62'),
('5','4214','63'),
('5','4215','64'),
('5','4216','65'),
('5','4217','66'),
('5','4218','67'),
('5','4219','68'),
('5','4220','69'),
('5','4221','70'),
('5','4222','71'),
('5','4223','72'),
('5','4224','73'),
('5','4225','74'),
('6','4226','51'),
('6','4227','52'),
('6','4228','53'),
('6','4229','54'),
('6','4230','55'),
('6','4231','56'),
('6','4232','57'),
('6','4233','58'),
('6','4234','59'),
('6','4235','60'),
('6','4236','61'),
('6','4237','62'),
('6','4238','63'),
('6','4239','64'),
('6','4240','65'),
('6','4241','66'),
('6','4242','67'),
('6','4243','68'),
('6','4244','69'),
('6','4245','70'),
('6','4246','71'),
('6','4247','72'),
('6','4248','73'),
('6','4249','74'),
('7','4250','51'),
('7','4251','52'),
('7','4252','53'),
('7','4253','54'),
('7','4254','55'),
('7','4255','56'),
('7','4256','57'),
('7','4257','58'),
('7','4258','59'),
('7','4259','60'),
('7','4260','61'),
('7','4261','62'),
('7','4262','63'),
('7','4263','64'),
('7','4264','65'),
('7','4265','66'),
('7','4266','67'),
('7','4267','68'),
('7','4268','69'),
('7','4269','70'),
('7','4270','71'),
('7','4271','72'),
('7','4272','73'),
('7','4273','74'),
('8','4274','51'),
('8','4275','52'),
('8','4276','53'),
('8','4277','54'),
('8','4278','55'),
('8','4279','56'),
('8','4280','57'),
('8','4281','58'),
('8','4282','59'),
('8','4283','60'),
('8','4284','61'),
('8','4285','62'),
('8','4286','63'),
('8','4287','64'),
('8','4288','65'),
('8','4289','66'),
('8','4290','67'),
('8','4291','68'),
('8','4292','69'),
('8','4293','70'),
('8','4294','71'),
('8','4295','72'),
('8','4296','73'),
('8','4297','74'),
('9','4298','51'),
('9','4299','52'),
('9','4300','53'),
('9','4301','54'),
('9','4302','55'),
('9','4303','56'),
('9','4304','57'),
('9','4305','58'),
('9','4306','59'),
('9','4307','60'),
('9','4308','61'),
('9','4309','62'),
('9','4310','63'),
('9','4311','64'),
('9','4312','65'),
('9','4313','66'),
('9','4314','67'),
('9','4315','68'),
('9','4316','69'),
('9','4317','70'),
('9','4318','71'),
('9','4319','72'),
('9','4320','73'),
('9','4321','74'),
('10','4322','51'),
('10','4323','52'),
('10','4324','53'),
('10','4325','54'),
('10','4326','55'),
('10','4327','56'),
('10','4328','57'),
('10','4329','58'),
('10','4330','59'),
('10','4331','60'),
('10','4332','61'),
('10','4333','62'),
('10','4334','63'),
('10','4335','64'),
('10','4336','65'),
('10','4337','66'),
('10','4338','67'),
('10','4339','68'),
('10','4340','69'),
('10','4341','70'),
('10','4342','71'),
('10','4343','72'),
('10','4344','73'),
('10','4345','74'),
('11','4346','51'),
('11','4347','52'),
('11','4348','53'),
('11','4349','54'),
('11','4350','55'),
('11','4351','56'),
('11','4352','57'),
('11','4353','58'),
('11','4354','59'),
('11','4355','60'),
('11','4356','61'),
('11','4357','62'),
('11','4358','63'),
('11','4359','64'),
('11','4360','65'),
('11','4361','66'),
('11','4362','67'),
('11','4363','68'),
('11','4364','69'),
('11','4365','70'),
('11','4366','71'),
('11','4367','72'),
('11','4368','73'),
('11','4369','74'),
('12','4370','51'),
('12','4371','52'),
('12','4372','53'),
('12','4373','54'),
('12','4374','55'),
('12','4375','56'),
('12','4376','57'),
('12','4377','58'),
('12','4378','59'),
('12','4379','60'),
('12','4380','61'),
('12','4381','62'),
('12','4382','63'),
('12','4383','64'),
('12','4384','65'),
('12','4385','66'),
('12','4386','67'),
('12','4387','68'),
('12','4388','69'),
('12','4389','70'),
('12','4390','71'),
('12','4391','72'),
('12','4392','73'),
('12','4393','74'),
('13','4394','51'),
('13','4395','52'),
('13','4396','53'),
('13','4397','54'),
('13','4398','55'),
('13','4399','56'),
('13','4400','57'),
('13','4401','58'),
('13','4402','59'),
('13','4403','60'),
('13','4404','61'),
('13','4405','62'),
('13','4406','63'),
('13','4407','64'),
('13','4408','65'),
('13','4409','66'),
('13','4410','67'),
('13','4411','68'),
('13','4412','69'),
('13','4413','70'),
('13','4414','71'),
('13','4415','72'),
('13','4416','73'),
('13','4417','74'),
('14','4418','51'),
('14','4419','52'),
('14','4420','53'),
('14','4421','54'),
('14','4422','55'),
('14','4423','56'),
('14','4424','57'),
('14','4425','58'),
('14','4426','59'),
('14','4427','60'),
('14','4428','61'),
('14','4429','62'),
('14','4430','63'),
('14','4431','64'),
('14','4432','65'),
('14','4433','66'),
('14','4434','67'),
('14','4435','68'),
('14','4436','69'),
('14','4437','70'),
('14','4438','71'),
('14','4439','72'),
('14','4440','73'),
('14','4441','74'),
('15','4442','51'),
('15','4443','52'),
('15','4444','53'),
('15','4445','54'),
('15','4446','55'),
('15','4447','56'),
('15','4448','57'),
('15','4449','58'),
('15','4450','59'),
('15','4451','60'),
('15','4452','61'),
('15','4453','62'),
('15','4454','63'),
('15','4455','64'),
('15','4456','65'),
('15','4457','66'),
('15','4458','67'),
('15','4459','68'),
('15','4460','69'),
('15','4461','70'),
('15','4462','71'),
('15','4463','72'),
('15','4464','73'),
('15','4465','74'),
('16','4466','51'),
('16','4467','52'),
('16','4468','53'),
('16','4469','54'),
('16','4470','55'),
('16','4471','56'),
('16','4472','57'),
('16','4473','58'),
('16','4474','59'),
('16','4475','60'),
('16','4476','61'),
('16','4477','62'),
('16','4478','63'),
('16','4479','64'),
('16','4480','65'),
('16','4481','66'),
('16','4482','67'),
('16','4483','68'),
('16','4484','69'),
('16','4485','70'),
('16','4486','71'),
('16','4487','72'),
('16','4488','73'),
('16','4489','74'),
('17','4490','51'),
('17','4491','52'),
('17','4492','53'),
('17','4493','54'),
('17','4494','55'),
('17','4495','56'),
('17','4496','57'),
('17','4497','58'),
('17','4498','59'),
('17','4499','60'),
('17','4500','61'),
('17','4501','62'),
('17','4502','63'),
('17','4503','64'),
('17','4504','65'),
('17','4505','66'),
('17','4506','67'),
('17','4507','68'),
('17','4508','69'),
('17','4509','70'),
('17','4510','71'),
('17','4511','72'),
('17','4512','73'),
('17','4513','74');

SELECT * FROM seats;
